 ,Trajectory,Frame,x,y,z,m0,m1,m2,m3,m4,NPscore
1,1,0,230.189,134.910,0,1.781,1.276,2.085,3.785,7.514,0.176
2,1,1,229.489,135.313,0,1.186,1.143,1.683,2.714,4.739,0.152
3,2,0,306.958,216.902,0,1.529,1.372,2.394,4.644,9.794,0.114
4,2,1,306.661,216.863,0,1.700,1.261,2.028,3.600,6.943,0.302
5,3,0,234.762,270.661,0,1.782,1.248,1.967,3.388,6.273,0.173
6,3,1,235.427,270.463,0,2.313,1.370,2.312,4.259,8.398,0.143
7,3,2,235.164,271.502,0,1.947,1.328,2.205,4.052,8.105,0.287
8,3,3,235.538,270.329,0,2.015,1.337,2.250,4.173,8.371,0.311
9,3,4,235.163,270.880,0,1.637,1.333,2.258,4.242,8.661,0.268
10,4,1,265.804,240.694,0,1.936,1.408,2.502,4.939,10.602,0.143
11,4,2,265.585,241.171,0,2.172,1.355,2.312,4.381,9.038,0.158
12,4,3,265.344,241.509,0,1.855,1.374,2.387,4.604,9.667,0.231
13,4,4,265.470,241.331,0,1.908,1.441,2.598,5.188,11.203,0.087
14,4,5,265.874,240.887,0,2.445,1.401,2.433,4.649,9.562,0.167
15,5,2,216.462,157.792,0,1.951,1.341,2.232,4.072,7.985,0.289
16,5,3,216.179,157.195,0,1.937,1.304,2.150,3.916,7.734,0.298
17,6,3,186.486,150.381,0,1.509,1.339,2.303,4.442,9.404,0.252
18,6,4,186.424,149.560,0,1.598,1.413,2.529,5.062,11.076,0.247
19,7,4,212.517,132.065,0,1.544,1.368,2.391,4.642,9.798,0.255
20,7,5,212.751,132.064,0,1.642,1.474,2.743,5.685,12.785,0.186
21,8,4,299.830,281.430,0,1.919,1.250,1.976,3.446,6.528,0.084
22,8,5,300.210,281.532,0,1.609,1.419,2.524,4.947,10.441,0.310
23,8,6,300.103,281.629,0,1.683,1.333,2.226,4.123,8.323,0.173
24,8,7,300.389,280.986,0,1.510,1.425,2.635,5.470,12.416,0.188
25,9,5,216.581,156.982,0,1.552,1.400,2.476,4.861,10.370,0.297
26,9,6,216.593,157.206,0,1.983,1.351,2.272,4.192,8.312,0.314
27,9,7,215.913,156.864,0,1.898,1.394,2.475,4.896,10.548,0.193
28,9,8,215.023,156.546,0,2.070,1.326,2.225,4.132,8.333,0.143
29,9,9,215.300,156.734,0,1.858,1.378,2.386,4.566,9.453,0.269
30,9,10,215.438,156.499,0,1.725,1.461,2.657,5.329,11.533,0.239
31,9,11,216.500,157.686,0,1.700,1.413,2.485,4.808,10.026,0.213
32,10,6,186.420,149.751,0,1.964,1.357,2.310,4.358,8.942,0.299
33,10,7,186.874,149.396,0,2.006,1.347,2.279,4.276,8.738,0.129
34,11,7,166.522,172.009,0,1.570,1.439,2.610,5.244,11.397,0.186
35,11,8,165.540,171.923,0,1.650,1.427,2.549,5.036,10.760,0.268
36,12,7,306.199,216.893,0,1.393,1.226,1.906,3.281,6.186,0.173
37,12,8,306.031,216.765,0,1.477,1.263,2.054,3.687,7.172,0.147
38,12,9,305.788,216.377,0,1.575,1.215,1.901,3.297,6.253,0.167
39,12,10,305.703,216.720,0,1.815,1.311,2.172,3.990,7.971,0.142
40,13,8,212.757,131.605,0,1.578,1.358,2.330,4.441,9.231,0.327
41,13,9,211.710,130.816,0,1.604,1.384,2.379,4.479,9.057,0.177
42,14,8,235.131,270.238,0,1.582,1.397,2.508,5.062,11.215,0.305
43,14,9,235.448,270.164,0,1.806,1.474,2.724,5.583,12.406,0.177
44,14,10,235.511,270.675,0,2.197,1.364,2.354,4.508,9.394,0.125
45,14,11,235.592,270.482,0,2.181,1.251,1.995,3.511,6.707,0.111
46,14,12,235.538,270.878,0,1.807,1.424,2.552,5.059,10.827,0.149
47,14,13,234.827,272.362,0,2.046,1.436,2.557,5.024,10.669,0.142
48,14,14,234.686,272.374,0,1.448,1.344,2.323,4.509,9.610,0.161
49,14,15,234.814,272.959,0,1.699,1.372,2.384,4.585,9.545,0.302
50,15,9,283.330,121.971,0,2.350,1.447,2.630,5.306,11.598,0.167
51,15,10,282.930,121.092,0,2.066,1.532,2.908,6.130,13.988,0.125
52,15,11,283.365,121.655,0,2.106,1.401,2.416,4.565,9.252,0.221
53,16,9,265.388,241.154,0,1.858,1.406,2.491,4.918,10.590,0.276
54,16,10,264.703,240.617,0,1.756,1.446,2.622,5.279,11.531,0.239
55,16,11,264.735,241.018,0,2.109,1.390,2.433,4.712,9.876,0.221
56,17,10,227.517,135.020,0,1.669,1.351,2.307,4.365,8.963,0.149
57,17,11,227.230,134.864,0,1.403,1.312,2.268,4.433,9.582,0.172
58,18,10,233.259,284.688,0,1.475,1.393,2.458,4.798,10.134,0.133
59,18,11,234.101,284.305,0,1.766,1.457,2.655,5.361,11.705,0.194
60,19,11,185.994,150.201,0,1.705,1.423,2.567,5.165,11.320,0.253
61,19,12,185.963,149.967,0,1.682,1.506,2.853,5.994,13.619,0.144
62,19,13,185.808,149.655,0,1.376,1.307,2.198,4.184,8.859,0.126
63,20,11,296.186,227.123,0,1.599,1.335,2.217,4.041,7.943,0.134
64,20,12,295.242,227.526,0,1.452,1.308,2.159,3.963,7.964,0.161
65,21,11,299.641,279.404,0,1.372,1.294,2.140,3.941,7.949,0.164
66,21,12,299.716,279.250,0,1.534,1.372,2.380,4.615,9.794,0.274
67,21,13,299.678,278.698,0,1.442,1.234,1.981,3.543,6.930,0.120
68,22,12,200.627,234.458,0,2.104,1.477,2.674,5.307,11.304,0.144
69,22,13,202.231,234.916,0,1.727,1.387,2.452,4.852,10.500,0.187
70,23,13,203.478,122.478,0,1.864,1.396,2.493,4.966,10.791,0.176
71,23,14,204.366,123.502,0,2.344,1.481,2.737,5.600,12.371,0.086
72,23,15,204.417,122.649,0,2.198,1.490,2.790,5.824,13.212,0.167
73,23,16,203.010,122.628,0,2.284,1.442,2.614,5.236,11.323,0.167
74,24,13,283.329,122.106,0,2.497,1.391,2.409,4.597,9.471,0.111
75,24,14,283.625,122.844,0,1.539,1.375,2.367,4.496,9.230,0.250
76,25,13,265.601,241.278,0,2.076,1.367,2.355,4.519,9.471,0.130
77,25,14,265.087,240.739,0,2.130,1.439,2.589,5.155,11.118,0.086
78,25,15,265.327,241.390,0,1.777,1.492,2.748,5.553,12.033,0.299
79,25,16,266.094,241.108,0,1.890,1.483,2.756,5.686,12.707,0.167
80,25,17,266.099,241.712,0,2.107,1.530,2.896,6.047,13.605,0.113
81,26,13,233.764,283.448,0,1.604,1.431,2.590,5.247,11.623,0.141
82,26,14,233.684,283.971,0,1.739,1.422,2.496,4.809,9.955,0.194
83,27,15,305.979,216.421,0,1.750,1.453,2.685,5.528,12.360,0.303
84,27,16,305.237,216.365,0,2.026,1.301,2.149,3.932,7.817,0.167
85,28,16,273.527,227.229,0,1.602,1.412,2.509,4.954,10.630,0.238
86,28,17,273.572,227.436,0,1.715,1.432,2.570,5.124,11.112,0.112
87,29,17,227.218,135.878,0,1.620,1.277,2.039,3.571,6.738,0.144
88,29,18,227.164,135.871,0,1.708,1.499,2.855,6.074,14.040,0.259
89,29,19,226.738,135.202,0,1.482,1.328,2.216,4.113,8.348,0.250
90,29,20,226.697,135.474,0,1.627,1.344,2.240,4.118,8.204,0.240
91,30,17,216.431,157.576,0,1.431,1.263,2.051,3.732,7.495,0.265
92,30,18,216.449,157.162,0,1.259,1.257,2.054,3.788,7.758,0.250
93,31,17,234.530,271.115,0,1.908,1.312,2.141,3.847,7.473,0.088
94,31,18,233.775,272.058,0,1.819,1.414,2.521,4.994,10.731,0.267
95,32,19,221.165,190.414,0,1.850,1.466,2.722,5.629,12.657,0.278
96,32,20,219.888,190.792,0,1.430,1.391,2.466,4.834,10.239,0.225
97,32,21,219.617,190.196,0,2.100,1.402,2.463,4.776,10.010,0.237
98,32,22,219.523,190.956,0,2.336,1.562,3.033,6.530,15.188,0.100
99,32,23,219.896,190.788,0,2.670,1.400,2.471,4.848,10.350,0.197
100,32,24,219.852,191.164,0,2.089,1.452,2.640,5.337,11.717,0.150
101,32,25,219.717,191.194,0,2.385,1.312,2.189,4.060,8.220,0.111
102,32,26,219.421,191.079,0,1.728,1.435,2.670,5.600,12.859,0.221
103,33,20,212.790,130.541,0,1.783,1.328,2.287,4.421,9.384,0.241
104,33,21,212.696,131.457,0,1.721,1.332,2.274,4.348,9.130,0.219
105,34,20,187.369,150.445,0,2.324,1.389,2.404,4.594,9.492,0.167
106,34,21,188.187,150.869,0,1.791,1.508,2.830,5.837,12.932,0.197
107,35,21,166.320,170.976,0,1.715,1.484,2.757,5.661,12.545,0.197
108,35,22,166.276,171.128,0,1.430,1.273,2.079,3.789,7.588,0.119
109,36,21,306.547,216.826,0,1.478,1.237,1.963,3.440,6.560,0.125
110,36,22,306.161,217.332,0,1.539,1.385,2.436,4.778,10.213,0.150
111,36,23,306.079,216.505,0,1.608,1.331,2.232,4.120,8.204,0.285
112,36,24,305.700,216.685,0,1.600,1.322,2.208,4.101,8.314,0.208
113,36,25,305.785,217.147,0,1.340,1.247,1.980,3.448,6.470,0.122
114,36,26,306.082,216.931,0,1.714,1.398,2.505,5.002,10.857,0.242
115,37,21,265.672,240.856,0,2.138,1.435,2.577,5.108,10.931,0.208
116,37,22,265.669,241.285,0,1.813,1.386,2.414,4.656,9.745,0.268
117,37,23,265.775,241.309,0,1.968,1.399,2.470,4.846,10.340,0.143
118,37,24,266.568,240.759,0,2.012,1.496,2.802,5.813,13.044,0.150
119,38,21,234.279,271.257,0,1.722,1.321,2.199,4.037,8.021,0.219
120,38,22,234.217,270.475,0,1.537,1.321,2.231,4.211,8.722,0.165
121,38,23,234.450,270.533,0,2.606,1.441,2.595,5.166,11.121,0.197
122,38,24,234.451,270.644,0,1.742,1.243,1.959,3.389,6.328,0.127
123,38,25,233.997,271.139,0,1.840,1.500,2.803,5.807,13.007,0.124
124,38,26,234.457,270.550,0,1.510,1.385,2.445,4.832,10.445,0.155
125,39,22,216.857,157.867,0,2.139,1.390,2.465,4.913,10.759,0.102
126,39,23,217.215,157.526,0,1.715,1.322,2.230,4.204,8.684,0.231
127,40,22,210.179,191.274,0,1.775,1.413,2.477,4.791,10.008,0.283
128,40,23,209.799,190.852,0,1.314,1.332,2.290,4.390,9.193,0.175
129,41,24,212.517,131.069,0,1.704,1.394,2.439,4.726,9.926,0.131
130,41,25,209.957,129.809,0,1.464,1.312,2.209,4.153,8.549,0.120
131,41,26,209.586,129.558,0,1.708,1.383,2.388,4.547,9.355,0.238
132,42,24,273.976,226.447,0,1.468,1.321,2.223,4.157,8.467,0.284
133,42,25,274.249,226.348,0,1.564,1.223,1.910,3.298,6.215,0.121
134,42,26,273.759,226.222,0,1.735,1.336,2.226,4.092,8.159,0.162
135,43,25,282.229,121.626,0,2.248,1.420,2.497,4.838,10.113,0.111
136,43,26,282.062,121.482,0,2.301,1.450,2.610,5.185,11.117,0.125
137,43,27,281.926,120.336,0,1.867,1.358,2.322,4.382,8.939,0.222
138,43,28,281.713,120.487,0,1.920,1.371,2.334,4.376,8.864,0.175
139,44,27,225.643,133.762,0,1.659,1.397,2.460,4.850,10.489,0.249
140,44,28,225.577,132.396,0,2.210,1.405,2.491,4.914,10.559,0.137
141,44,29,225.289,133.275,0,1.967,1.357,2.345,4.531,9.596,0.135
142,44,30,224.911,133.139,0,2.072,1.404,2.468,4.800,10.105,0.105
143,44,31,224.992,133.245,0,2.600,1.312,2.179,3.998,7.952,0.111
144,44,32,225.161,132.554,0,2.351,1.312,2.159,3.910,7.638,0.174
145,44,33,224.803,133.248,0,1.966,1.372,2.425,4.824,10.561,0.158
146,45,27,186.568,149.559,0,1.840,1.344,2.325,4.539,9.803,0.242
147,45,28,187.027,149.944,0,1.661,1.382,2.424,4.711,9.908,0.293
148,46,27,215.613,157.286,0,1.668,1.255,1.984,3.443,6.445,0.084
149,46,28,216.053,157.559,0,1.759,1.323,2.230,4.187,8.595,0.220
150,47,27,143.931,161.315,0,2.076,1.430,2.572,5.133,11.098,0.100
151,47,28,143.116,161.330,0,1.689,1.450,2.693,5.638,12.950,0.114
152,48,27,235.159,285.804,0,2.095,1.380,2.389,4.575,9.487,0.106
153,48,28,234.389,286.695,0,2.079,1.429,2.545,4.987,10.516,0.140
154,48,29,234.067,285.629,0,1.830,1.409,2.494,4.886,10.355,0.158
155,48,30,234.325,286.833,0,2.004,1.343,2.268,4.226,8.523,0.197
156,48,31,234.720,286.177,0,1.830,1.343,2.285,4.349,9.085,0.136
157,48,32,234.753,286.734,0,2.089,1.473,2.725,5.605,12.516,0.143
158,48,33,235.144,286.946,0,1.614,1.377,2.390,4.587,9.519,0.189
159,49,28,305.676,216.492,0,1.723,1.362,2.389,4.699,10.127,0.349
160,49,29,306.024,216.538,0,1.889,1.238,1.945,3.348,6.202,0.111
161,49,30,305.825,216.800,0,2.523,1.292,2.102,3.751,7.202,0.071
162,49,31,305.813,216.582,0,1.856,1.386,2.462,4.905,10.725,0.176
163,49,32,305.737,216.494,0,1.419,1.307,2.189,4.067,8.214,0.157
164,49,33,305.623,216.465,0,1.939,1.354,2.293,4.266,8.550,0.218
165,50,28,264.621,241.250,0,1.773,1.349,2.322,4.471,9.446,0.324
166,50,29,265.822,241.330,0,1.746,1.371,2.353,4.475,9.259,0.158
167,50,30,265.708,241.214,0,1.758,1.377,2.366,4.477,9.135,0.173
168,50,31,265.315,241.233,0,1.677,1.479,2.789,5.904,13.630,0.134
169,50,32,265.121,241.721,0,2.189,1.331,2.224,4.089,8.117,0.175
170,51,29,317.836,200.669,0,1.340,1.306,2.203,4.142,8.506,0.311
171,51,30,312.223,200.031,0,1.788,1.427,2.598,5.275,11.654,0.107
172,52,29,234.451,270.983,0,1.337,1.318,2.240,4.248,8.800,0.308
173,52,30,235.222,271.190,0,1.358,1.342,2.320,4.478,9.445,0.111
174,53,29,302.350,279.900,0,1.561,1.319,2.219,4.183,8.680,0.172
175,53,30,301.826,279.637,0,1.854,1.316,2.243,4.299,9.073,0.211
176,53,31,301.204,279.372,0,2.003,1.268,2.025,3.549,6.706,0.112
177,54,30,275.261,225.896,0,1.893,1.380,2.406,4.663,9.842,0.189
178,54,31,274.817,225.955,0,1.785,1.437,2.591,5.170,11.152,0.192
179,54,32,274.691,225.733,0,1.893,1.375,2.342,4.373,8.768,0.144
180,54,33,274.918,225.404,0,1.911,1.335,2.223,4.062,7.989,0.183
181,54,34,274.184,226.175,0,1.509,1.357,2.344,4.495,9.365,0.223
182,54,35,274.478,225.931,0,1.459,1.405,2.522,5.031,10.901,0.227
183,55,32,185.307,148.816,0,1.521,1.235,1.985,3.585,7.190,0.158
184,55,33,185.754,148.216,0,1.578,1.408,2.514,5.022,10.967,0.202
185,55,34,185.406,148.221,0,1.813,1.318,2.193,4.054,8.194,0.102
186,55,35,185.415,147.453,0,1.600,1.332,2.244,4.191,8.513,0.209
187,56,33,167.202,169.812,0,1.376,1.270,2.084,3.808,7.618,0.124
188,56,34,167.015,170.315,0,1.651,1.403,2.504,4.950,10.589,0.250
189,57,33,208.774,191.760,0,1.684,1.419,2.506,4.879,10.240,0.242
190,57,34,208.835,192.192,0,1.617,1.416,2.546,5.092,11.068,0.270
191,57,35,208.608,192.246,0,1.546,1.400,2.529,5.138,11.456,0.267
192,57,36,208.588,191.528,0,2.223,1.416,2.512,4.941,10.564,0.295
193,57,37,209.601,192.170,0,1.777,1.407,2.471,4.820,10.233,0.423
194,58,33,300.567,280.945,0,1.513,1.284,2.121,3.880,7.706,0.126
195,58,34,300.546,280.468,0,1.403,1.349,2.371,4.704,10.301,0.197
196,59,33,369.915,310.264,0,1.792,1.357,2.378,4.679,10.119,0.191
197,59,34,369.617,310.477,0,1.377,1.322,2.244,4.258,8.852,0.229
198,60,34,209.709,128.775,0,1.501,1.221,1.920,3.344,6.352,0.092
199,60,35,209.536,127.880,0,1.837,1.334,2.228,4.072,7.980,0.134
200,61,34,265.087,241.424,0,1.563,1.440,2.605,5.204,11.195,0.206
201,61,35,264.328,241.560,0,2.187,1.484,2.681,5.321,11.362,0.125
202,61,36,264.875,241.412,0,2.036,1.473,2.714,5.551,12.294,0.220
203,61,37,264.774,242.478,0,1.768,1.409,2.459,4.727,9.817,0.429
204,62,35,224.734,133.825,0,1.505,1.303,2.172,4.049,8.298,0.217
205,62,36,224.623,134.511,0,1.821,1.496,2.781,5.723,12.729,0.216
206,62,37,224.536,134.583,0,1.667,1.225,1.913,3.296,6.177,0.265
207,62,38,225.186,133.520,0,1.978,1.418,2.533,5.047,10.965,0.333
208,63,38,300.348,281.909,0,1.576,1.310,2.174,4.000,8.007,0.340
209,63,39,300.354,282.400,0,1.702,1.415,2.502,4.886,10.318,0.254
210,63,40,300.339,282.632,0,2.412,1.319,2.191,4.013,7.965,0.111
211,63,41,300.352,282.533,0,1.826,1.295,2.124,3.899,7.889,0.173
212,63,42,300.598,281.926,0,1.763,1.385,2.433,4.774,10.258,0.156
213,63,43,300.158,283.114,0,2.466,1.387,2.432,4.745,10.084,0.139
214,63,44,300.234,283.084,0,1.778,1.419,2.576,5.218,11.510,0.137
215,63,45,300.414,282.251,0,1.290,1.301,2.189,4.145,8.689,0.149
216,63,46,300.259,282.126,0,1.804,1.322,2.208,4.054,8.022,0.376
217,63,47,300.180,281.544,0,1.826,1.395,2.448,4.796,10.286,0.306
218,64,39,305.831,216.385,0,1.605,1.266,2.049,3.662,7.102,0.104
219,64,40,305.390,216.788,0,1.791,1.425,2.553,5.105,11.149,0.289
220,64,41,305.805,216.826,0,2.031,1.376,2.384,4.588,9.600,0.224
221,65,39,280.484,288.524,0,1.206,1.197,1.906,3.439,6.949,0.100
222,65,40,280.125,289.580,0,1.252,1.207,1.844,3.112,5.737,0.111
223,66,40,210.548,127.287,0,1.566,1.371,2.380,4.623,9.848,0.252
224,66,41,209.920,127.427,0,1.884,1.367,2.378,4.592,9.618,0.246
225,66,42,209.650,127.157,0,1.662,1.286,2.084,3.714,7.141,0.210
226,66,43,209.039,126.907,0,1.712,1.398,2.519,5.114,11.412,0.213
227,66,44,210.993,128.717,0,1.794,1.336,2.264,4.248,8.668,0.160
228,66,45,210.899,129.015,0,1.898,1.414,2.532,5.054,10.978,0.175
229,66,46,210.219,128.190,0,1.739,1.351,2.306,4.355,8.923,0.376
230,67,40,225.172,134.313,0,1.537,1.352,2.325,4.437,9.209,0.236
231,67,41,225.355,133.134,0,2.417,1.359,2.305,4.309,8.701,0.167
232,67,42,225.246,133.659,0,1.727,1.217,1.880,3.180,5.801,0.166
233,67,43,225.466,133.528,0,2.088,1.423,2.510,4.866,10.149,0.125
234,67,44,225.538,132.970,0,1.600,1.406,2.475,4.806,10.064,0.227
235,67,45,224.983,132.881,0,2.210,1.448,2.628,5.277,11.467,0.330
236,67,46,224.938,133.325,0,2.558,1.305,2.135,3.812,7.285,0.250
237,67,47,225.293,133.618,0,2.284,1.384,2.390,4.578,9.542,0.143
238,68,40,265.670,241.368,0,1.916,1.479,2.692,5.418,11.798,0.178
239,68,41,264.599,240.548,0,1.683,1.402,2.460,4.765,9.969,0.272
240,69,42,275.393,226.444,0,1.572,1.347,2.305,4.359,8.919,0.129
241,69,43,275.382,225.928,0,1.584,1.379,2.402,4.660,9.857,0.252
242,69,44,275.043,225.793,0,2.197,1.374,2.405,4.688,9.958,0.101
243,69,45,275.710,226.308,0,2.062,1.448,2.596,5.125,10.896,0.263
244,70,43,305.868,216.424,0,1.772,1.336,2.270,4.290,8.834,0.135
245,70,44,305.897,216.625,0,1.750,1.391,2.448,4.788,10.187,0.231
246,70,45,306.422,216.973,0,2.207,1.449,2.641,5.357,11.814,0.330
247,70,46,305.855,216.664,0,1.439,1.250,2.018,3.632,7.171,0.250
248,71,43,235.659,287.842,0,2.316,1.380,2.359,4.416,8.864,0.141
249,71,44,235.709,287.321,0,2.327,1.427,2.522,4.908,10.288,0.101
250,72,44,212.910,150.107,0,1.204,1.300,2.190,4.066,8.138,0.084
251,72,45,212.089,150.516,0,1.520,1.347,2.294,4.337,8.925,0.233
252,73,47,288.431,136.096,0,1.568,1.334,2.287,4.406,9.350,0.210
253,73,48,288.334,135.497,0,1.464,1.201,1.829,3.045,5.465,0.143
254,73,49,288.270,135.801,0,1.998,1.315,2.178,3.982,7.894,0.135
255,74,47,314.082,202.636,0,1.740,1.395,2.464,4.800,10.078,0.286
256,74,48,313.810,202.405,0,1.720,1.533,2.957,6.310,14.508,0.143
257,75,48,305.684,216.294,0,1.863,1.279,2.067,3.666,6.997,0.179
258,75,49,305.482,216.521,0,1.502,1.345,2.283,4.285,8.712,0.190
259,76,49,210.264,127.784,0,2.166,1.279,2.082,3.761,7.418,0.128
260,76,50,210.037,126.199,0,2.071,1.395,2.462,4.815,10.200,0.172
261,76,51,209.551,126.633,0,1.895,1.386,2.437,4.749,10.033,0.236
262,77,49,252.248,129.428,0,1.821,1.475,2.712,5.531,12.212,0.194
263,77,50,252.252,128.925,0,1.788,1.481,2.751,5.658,12.589,0.168
264,78,49,224.999,133.151,0,1.741,1.448,2.642,5.359,11.795,0.251
265,78,50,225.414,132.831,0,2.418,1.384,2.401,4.616,9.648,0.167
266,78,51,225.133,133.274,0,2.566,1.345,2.299,4.394,9.208,0.143
267,78,52,224.648,132.801,0,2.031,1.340,2.287,4.353,9.057,0.208
268,79,50,211.837,151.210,0,1.176,1.203,1.884,3.281,6.264,0.167
269,79,51,211.629,151.237,0,1.442,1.317,2.245,4.326,9.248,0.146
270,80,50,265.873,241.719,0,2.096,1.481,2.728,5.572,12.334,0.173
271,80,51,264.921,241.156,0,1.784,1.410,2.502,4.932,10.553,0.284
272,80,52,264.307,241.682,0,1.878,1.375,2.354,4.423,8.938,0.185
273,80,53,263.921,241.721,0,2.134,1.478,2.701,5.444,11.814,0.167
274,80,54,264.100,241.285,0,2.107,1.367,2.393,4.698,10.125,0.122
275,80,55,264.302,241.178,0,2.138,1.372,2.358,4.483,9.237,0.269
276,80,56,264.105,240.916,0,2.316,1.490,2.764,5.668,12.538,0.125
277,80,57,263.727,241.182,0,2.009,1.444,2.557,4.978,10.420,0.108
278,80,58,263.476,241.704,0,1.960,1.518,2.844,5.863,12.978,0.116
279,80,59,264.070,241.234,0,2.074,1.517,2.861,5.967,13.414,0.084
280,80,60,265.506,241.343,0,1.665,1.402,2.457,4.756,9.967,0.276
281,81,52,274.409,226.569,0,1.535,1.395,2.444,4.728,9.882,0.191
282,81,53,274.498,226.274,0,1.811,1.402,2.442,4.697,9.778,0.167
283,81,54,274.987,226.090,0,1.757,1.484,2.762,5.672,12.546,0.183
284,81,55,274.708,226.285,0,1.383,1.301,2.182,4.093,8.432,0.248
285,82,53,288.197,135.097,0,2.129,1.328,2.247,4.232,8.706,0.167
286,82,54,287.531,135.034,0,1.711,1.415,2.520,4.991,10.747,0.151
287,82,55,287.513,134.589,0,1.562,1.277,2.088,3.778,7.441,0.251
288,82,56,288.081,134.854,0,1.988,1.399,2.481,4.857,10.255,0.156
289,82,57,288.078,135.070,0,1.981,1.467,2.712,5.559,12.321,0.102
290,82,58,287.799,134.913,0,1.582,1.331,2.235,4.150,8.363,0.177
291,82,59,288.380,134.564,0,1.519,1.361,2.355,4.537,9.522,0.130
292,82,60,288.198,134.674,0,1.912,1.345,2.267,4.223,8.533,0.184
293,82,61,287.856,135.070,0,1.756,1.457,2.665,5.409,11.892,0.159
294,82,62,287.900,135.092,0,1.875,1.492,2.789,5.767,12.871,0.128
295,83,53,305.480,216.749,0,1.315,1.213,1.903,3.344,6.507,0.167
296,83,54,305.619,216.272,0,1.449,1.362,2.359,4.536,9.465,0.113
297,84,53,298.956,283.150,0,1.738,1.280,2.092,3.807,7.585,0.168
298,84,54,299.688,283.209,0,1.452,1.252,2.013,3.594,7.009,0.220
299,85,54,209.620,126.399,0,1.993,1.435,2.577,5.130,11.078,0.126
300,85,55,209.482,125.260,0,1.815,1.296,2.132,3.906,7.845,0.174
301,85,56,209.179,124.348,0,1.659,1.363,2.319,4.355,8.847,0.256
302,86,54,225.107,133.559,0,1.954,1.568,3.049,6.596,15.453,0.111
303,86,55,225.287,133.369,0,2.227,1.362,2.314,4.342,8.822,0.268
304,86,56,225.434,133.554,0,2.107,1.338,2.254,4.207,8.529,0.198
305,86,57,225.216,133.524,0,2.226,1.385,2.388,4.544,9.347,0.079
306,87,54,212.476,150.046,0,1.446,1.276,2.034,3.542,6.612,0.220
307,87,55,213.700,150.799,0,1.519,1.333,2.228,4.115,8.235,0.284
308,88,56,479.491,136.236,0,1.857,1.376,2.357,4.436,8.988,0.186
309,88,57,479.246,136.425,0,1.791,1.418,2.526,4.989,10.686,0.140
310,89,56,185.269,145.282,0,2.019,1.313,2.182,4.006,7.978,0.199
311,89,57,185.043,145.582,0,1.435,1.256,2.026,3.614,7.005,0.094
312,89,58,185.205,146.003,0,1.467,1.266,2.101,3.935,8.164,0.214
313,89,59,185.114,145.590,0,1.439,1.290,2.127,3.915,7.912,0.200
314,90,56,233.661,284.476,0,1.633,1.360,2.352,4.552,9.662,0.250
315,90,57,232.997,285.514,0,1.408,1.333,2.259,4.261,8.780,0.192
316,91,57,213.339,151.036,0,1.656,1.386,2.411,4.635,9.624,0.213
317,91,58,213.580,151.185,0,1.641,1.248,1.987,3.495,6.694,0.123
318,91,59,213.174,151.627,0,1.355,1.289,2.134,3.970,8.166,0.169
319,91,60,213.499,150.774,0,1.629,1.303,2.184,4.102,8.477,0.248
320,91,61,211.917,151.521,0,1.464,1.217,1.863,3.127,5.676,0.113
321,91,62,211.655,152.032,0,1.526,1.399,2.480,4.917,10.656,0.148
322,92,57,368.681,312.028,0,1.553,1.420,2.529,4.965,10.504,0.148
323,92,58,369.377,311.585,0,1.535,1.431,2.637,5.461,12.380,0.142
324,93,58,219.697,191.185,0,1.815,1.464,2.705,5.570,12.475,0.227
325,93,59,219.399,190.684,0,1.933,1.429,2.571,5.149,11.226,0.129
326,93,60,219.726,191.254,0,1.835,1.387,2.419,4.669,9.772,0.343
327,93,61,219.649,192.317,0,1.467,1.325,2.252,4.277,8.906,0.117
328,94,58,275.235,225.989,0,1.862,1.439,2.578,5.107,10.938,0.192
329,94,59,274.840,226.348,0,1.534,1.326,2.225,4.141,8.388,0.173
330,95,58,299.550,283.622,0,1.658,1.426,2.538,5.019,10.791,0.187
331,95,59,299.941,283.768,0,1.976,1.399,2.465,4.818,10.230,0.144
332,95,60,299.617,283.593,0,1.234,1.277,2.111,3.887,7.845,0.125
333,95,61,299.454,283.548,0,2.006,1.379,2.393,4.617,9.711,0.119
334,96,61,224.972,134.619,0,1.782,1.391,2.458,4.798,10.126,0.139
335,96,62,224.990,134.501,0,1.519,1.323,2.230,4.158,8.402,0.230
336,96,63,224.816,134.674,0,2.023,1.322,2.223,4.162,8.511,0.203
337,97,62,275.227,226.100,0,1.585,1.326,2.253,4.254,8.750,0.238
338,97,63,275.259,225.731,0,1.998,1.417,2.515,4.950,10.556,0.204
339,97,64,275.436,225.510,0,1.942,1.379,2.371,4.472,9.070,0.125
340,97,65,275.231,225.751,0,1.913,1.440,2.541,4.910,10.178,0.118
341,97,66,275.294,225.829,0,2.106,1.370,2.356,4.480,9.228,0.197
342,97,67,274.829,225.982,0,1.838,1.411,2.527,5.001,10.689,0.383
343,97,68,275.441,225.378,0,1.974,1.365,2.329,4.386,8.946,0.224
344,97,69,275.303,224.637,0,2.224,1.418,2.517,4.928,10.416,0.092
345,97,70,275.209,224.783,0,1.774,1.419,2.499,4.841,10.092,0.218
346,98,62,264.427,240.881,0,2.049,1.394,2.435,4.695,9.776,0.187
347,98,63,265.022,240.716,0,2.089,1.516,2.833,5.824,12.852,0.202
348,98,64,264.098,242.256,0,2.250,1.623,3.265,7.240,17.229,0.125
349,99,62,235.717,271.888,0,1.970,1.431,2.526,4.908,10.272,0.195
350,99,63,235.650,271.443,0,1.780,1.516,2.895,6.190,14.422,0.201
351,100,63,261.742,266.332,0,1.415,1.345,2.340,4.605,10.035,0.200
352,100,64,261.255,266.717,0,1.441,1.216,1.871,3.154,5.736,0.127
353,101,64,208.067,122.953,0,2.101,1.479,2.744,5.653,12.621,0.125
354,101,65,207.636,122.495,0,2.257,1.381,2.415,4.696,9.941,0.111
355,102,64,288.779,134.630,0,1.207,1.306,2.259,4.432,9.619,0.195
356,102,65,287.823,134.624,0,1.477,1.319,2.218,4.175,8.637,0.258
357,103,65,224.588,134.386,0,1.727,1.355,2.301,4.334,8.887,0.278
358,103,66,224.686,134.463,0,2.056,1.429,2.534,4.979,10.622,0.197
359,103,67,225.211,134.158,0,1.796,1.434,2.588,5.185,11.279,0.458
360,104,66,265.581,241.410,0,1.641,1.392,2.464,4.890,10.653,0.213
361,104,67,265.633,241.379,0,1.829,1.488,2.821,5.981,13.813,0.202
362,104,68,264.832,240.886,0,2.048,1.566,3.033,6.492,14.983,0.200
363,105,67,207.669,122.339,0,1.779,1.463,2.629,5.192,11.023,0.425
364,105,68,207.720,122.590,0,2.349,1.374,2.372,4.550,9.506,0.200
365,105,69,207.281,122.414,0,1.642,1.440,2.627,5.342,11.839,0.081
366,105,70,207.907,122.883,0,1.700,1.414,2.514,4.962,10.626,0.210
367,105,71,209.218,123.821,0,1.813,1.550,2.935,6.118,13.721,0.201
368,105,72,208.503,123.408,0,1.702,1.349,2.317,4.478,9.547,0.190
369,105,73,208.130,123.292,0,2.196,1.372,2.344,4.424,9.049,0.133
370,106,68,288.485,134.672,0,1.382,1.276,2.036,3.556,6.680,0.200
371,106,69,287.773,135.216,0,1.765,1.352,2.297,4.298,8.682,0.081
372,107,68,313.471,203.433,0,1.909,1.425,2.525,4.940,10.438,0.223
373,107,69,313.366,203.304,0,1.968,1.479,2.728,5.558,12.220,0.075
374,108,69,279.747,119.235,0,2.008,1.332,2.207,4.012,7.850,0.145
375,108,70,279.825,119.123,0,1.753,1.357,2.314,4.345,8.800,0.236
376,109,69,224.855,133.532,0,1.346,1.302,2.173,4.066,8.380,0.148
377,109,70,224.965,132.421,0,1.483,1.343,2.275,4.260,8.644,0.215
378,109,71,225.102,131.390,0,2.304,1.335,2.272,4.300,8.882,0.200
379,109,72,225.155,130.982,0,2.387,1.403,2.497,4.970,10.813,0.068
380,109,73,225.178,132.360,0,2.134,1.299,2.111,3.738,7.074,0.180
381,109,74,225.215,133.013,0,1.724,1.463,2.697,5.548,12.421,0.179
382,109,75,225.414,133.083,0,1.992,1.359,2.328,4.424,9.156,0.133
383,110,69,166.469,167.036,0,2.022,1.314,2.197,4.096,8.360,0.144
384,110,70,166.804,167.563,0,1.829,1.285,2.077,3.692,7.093,0.139
385,110,71,166.034,166.683,0,1.913,1.430,2.577,5.171,11.285,0.204
386,110,72,166.602,166.218,0,1.877,1.251,1.973,3.406,6.320,0.067
387,110,73,166.544,166.988,0,1.858,1.517,2.890,6.128,14.093,0.142
388,111,69,305.612,214.186,0,1.568,1.389,2.436,4.759,10.132,0.091
389,111,70,305.642,213.657,0,1.763,1.344,2.241,4.104,8.108,0.227
390,112,70,266.076,241.023,0,2.158,1.451,2.659,5.431,12.069,0.111
391,112,71,265.913,240.752,0,1.645,1.460,2.659,5.341,11.559,0.205
392,112,72,265.948,240.710,0,1.580,1.368,2.371,4.548,9.462,0.204
393,112,73,266.007,240.879,0,1.781,1.471,2.704,5.500,12.085,0.148
394,112,74,266.354,240.660,0,1.574,1.339,2.263,4.262,8.783,0.173
395,113,71,142.922,160.909,0,1.231,1.310,2.266,4.400,9.360,0.200
396,113,72,143.540,161.475,0,1.768,1.394,2.487,4.993,11.027,0.135
397,114,72,216.687,190.809,0,2.083,1.322,2.197,4.002,7.838,0.086
398,114,73,215.583,191.789,0,1.996,1.292,2.110,3.817,7.522,0.174
399,114,74,215.874,190.868,0,1.477,1.303,2.135,3.817,7.289,0.143
400,114,75,215.364,191.038,0,1.745,1.341,2.314,4.450,9.328,0.165
401,115,72,299.291,283.589,0,1.704,1.344,2.284,4.279,8.669,0.173
402,115,73,299.948,283.841,0,1.709,1.359,2.404,4.816,10.671,0.230
403,115,74,299.389,283.798,0,1.733,1.349,2.281,4.271,8.696,0.144
404,116,74,207.307,194.356,0,1.785,1.562,3.060,6.657,15.644,0.299
405,116,75,207.173,193.728,0,1.910,1.477,2.723,5.562,12.304,0.142
406,116,76,206.601,194.309,0,1.905,1.479,2.725,5.560,12.283,0.168
407,116,77,206.753,193.470,0,1.833,1.506,2.839,5.951,13.530,0.150
408,117,75,207.071,122.162,0,1.562,1.389,2.449,4.821,10.373,0.353
409,117,76,208.493,122.973,0,1.901,1.431,2.612,5.340,11.932,0.155
410,117,77,209.367,124.103,0,1.970,1.419,2.481,4.757,9.787,0.178
411,117,78,209.619,124.348,0,2.097,1.405,2.465,4.785,10.077,0.368
412,117,79,209.952,124.038,0,1.610,1.416,2.542,5.095,11.121,0.269
413,117,80,210.329,124.116,0,2.077,1.418,2.510,4.910,10.389,0.161
414,117,81,209.289,123.877,0,2.439,1.399,2.426,4.646,9.634,0.214
415,117,82,209.369,123.617,0,2.129,1.386,2.405,4.633,9.711,0.128
416,117,83,209.780,124.355,0,1.411,1.327,2.229,4.152,8.419,0.164
417,117,84,209.626,124.498,0,1.355,1.268,2.093,3.896,8.033,0.333
418,118,75,185.010,144.571,0,1.795,1.424,2.550,5.072,10.945,0.242
419,118,76,185.422,145.430,0,1.269,1.160,1.710,2.775,4.937,0.100
420,118,77,185.182,145.493,0,1.663,1.309,2.164,3.935,7.725,0.144
421,119,75,296.834,179.947,0,1.471,1.402,2.532,5.174,11.655,0.258
422,119,76,296.794,180.548,0,1.661,1.356,2.371,4.659,10.071,0.116
423,120,75,275.003,224.831,0,1.707,1.411,2.534,5.090,11.166,0.289
424,120,76,274.644,224.463,0,2.190,1.580,3.047,6.444,14.576,0.105
425,120,77,275.118,224.587,0,2.429,1.466,2.690,5.472,12.058,0.143
426,120,78,275.267,224.701,0,1.617,1.343,2.321,4.502,9.611,0.202
427,121,76,296.433,229.279,0,1.605,1.416,2.558,5.143,11.229,0.116
428,121,77,295.872,229.213,0,1.314,1.246,1.974,3.428,6.403,0.143
429,122,77,225.277,133.188,0,1.844,1.442,2.592,5.159,11.128,0.185
430,122,78,225.905,133.350,0,2.019,1.420,2.558,5.155,11.348,0.361
431,123,78,287.662,135.724,0,2.067,1.345,2.298,4.390,9.204,0.264
432,123,79,287.871,135.284,0,1.674,1.316,2.210,4.151,8.568,0.194
433,124,79,144.967,158.293,0,1.623,1.470,2.705,5.502,12.071,0.210
434,124,80,145.676,158.299,0,1.704,1.322,2.211,4.120,8.408,0.265
435,125,80,264.181,241.704,0,2.154,1.467,2.701,5.516,12.190,0.160
436,125,81,264.451,241.377,0,2.358,1.351,2.287,4.271,8.626,0.294
437,125,82,264.531,241.159,0,2.155,1.488,2.716,5.452,11.778,0.126
438,125,83,264.436,241.222,0,1.878,1.271,2.062,3.707,7.256,0.154
439,126,81,185.168,145.689,0,2.299,1.355,2.324,4.416,9.107,0.287
440,126,82,185.138,146.044,0,1.640,1.421,2.542,5.062,10.977,0.266
441,127,81,214.060,190.886,0,1.702,1.451,2.663,5.429,11.987,0.210
442,127,82,214.311,191.637,0,1.910,1.325,2.226,4.155,8.462,0.129
443,127,83,214.152,191.416,0,2.018,1.391,2.424,4.687,9.861,0.195
444,128,82,225.490,133.366,0,1.663,1.228,1.914,3.267,6.004,0.125
445,128,83,225.981,133.151,0,1.995,1.389,2.449,4.800,10.225,0.195
446,128,84,226.025,133.232,0,2.329,1.389,2.432,4.734,10.032,0.353
447,128,85,225.951,132.579,0,1.605,1.328,2.237,4.226,8.802,0.294
448,128,86,225.494,132.673,0,1.950,1.339,2.255,4.180,8.354,0.272
449,129,84,184.834,145.723,0,2.144,1.441,2.580,5.105,10.926,0.353
450,129,85,184.559,146.129,0,1.697,1.364,2.358,4.514,9.362,0.352
451,130,85,178.535,137.358,0,1.810,1.398,2.448,4.751,10.012,0.257
452,130,86,178.383,137.985,0,1.976,1.361,2.361,4.580,9.736,0.259
453,130,87,178.252,138.264,0,1.863,1.377,2.335,4.327,8.579,0.182
454,130,88,178.274,138.356,0,1.944,1.338,2.259,4.235,8.657,0.289
455,130,89,178.333,139.126,0,1.519,1.285,2.091,3.762,7.356,0.158
456,131,85,166.319,166.848,0,1.635,1.427,2.566,5.150,11.265,0.262
457,131,86,166.765,167.004,0,1.614,1.378,2.462,4.936,10.820,0.167
458,132,85,213.549,191.242,0,1.532,1.344,2.290,4.354,9.057,0.282
459,132,86,214.703,191.620,0,1.917,1.269,2.032,3.588,6.871,0.180
460,132,87,214.555,191.461,0,1.575,1.378,2.392,4.630,9.784,0.231
461,132,88,214.536,191.564,0,1.429,1.319,2.237,4.242,8.826,0.231
462,133,88,316.603,202.192,0,1.968,1.346,2.376,4.760,10.548,0.231
463,133,89,317.438,202.679,0,2.606,1.302,2.127,3.807,7.316,0.125
464,133,90,317.761,202.546,0,1.880,1.342,2.285,4.332,8.964,0.149
465,133,91,317.118,202.246,0,1.610,1.439,2.626,5.341,11.819,0.248
466,134,89,266.398,240.822,0,1.390,1.337,2.302,4.460,9.541,0.213
467,134,90,264.566,241.363,0,1.896,1.394,2.434,4.698,9.812,0.148
468,134,91,263.770,241.504,0,1.998,1.466,2.682,5.446,11.995,0.126
469,134,92,264.924,241.265,0,2.299,1.323,2.201,4.034,7.990,0.099
470,134,93,265.997,240.956,0,1.473,1.410,2.537,5.092,11.118,0.103
471,134,94,265.825,240.740,0,1.600,1.375,2.427,4.791,10.334,0.266
472,134,95,265.727,241.199,0,1.779,1.439,2.587,5.169,11.221,0.230
473,135,89,299.918,283.068,0,1.774,1.409,2.551,5.163,11.395,0.168
474,135,90,299.783,282.882,0,1.355,1.223,1.919,3.307,6.140,0.137
475,135,91,299.582,282.927,0,1.649,1.366,2.353,4.494,9.306,0.160
476,135,92,299.200,282.730,0,1.385,1.287,2.111,3.850,7.678,0.083
477,136,90,214.716,191.453,0,1.676,1.232,1.967,3.518,6.954,0.112
478,136,91,214.603,191.644,0,1.602,1.265,2.095,3.944,8.310,0.134
479,136,92,214.327,191.568,0,1.843,1.346,2.311,4.466,9.532,0.120
480,136,93,214.315,191.950,0,1.530,1.273,2.055,3.654,7.032,0.175
481,137,90,296.690,273.757,0,1.399,1.308,2.151,3.877,7.510,0.223
482,137,91,297.152,272.882,0,1.998,1.350,2.333,4.509,9.536,0.126
483,137,92,297.661,272.801,0,1.625,1.480,2.761,5.725,12.848,0.097
484,138,91,253.513,132.833,0,1.380,1.318,2.213,4.144,8.510,0.134
485,138,92,253.868,132.941,0,1.339,1.398,2.549,5.255,11.929,0.087
486,138,93,254.532,132.945,0,1.251,1.227,1.931,3.378,6.484,0.093
487,139,91,274.959,225.363,0,1.675,1.448,2.612,5.207,11.215,0.240
488,139,92,274.473,223.616,0,1.649,1.404,2.492,4.950,10.770,0.183
489,140,91,327.819,392.427,0,1.502,1.376,2.466,4.992,11.146,0.179
490,140,92,326.915,392.793,0,1.717,1.382,2.378,4.497,9.155,0.156
491,141,92,208.898,124.136,0,2.034,1.515,2.884,6.126,14.154,0.108
492,141,93,208.535,123.831,0,1.457,1.329,2.215,4.065,8.056,0.203
493,142,92,288.286,135.193,0,2.085,1.322,2.238,4.226,8.740,0.109
494,142,93,288.273,134.804,0,1.718,1.434,2.593,5.221,11.445,0.105
495,143,92,365.928,312.828,0,1.597,1.416,2.556,5.148,11.298,0.164
496,143,93,364.756,312.640,0,1.841,1.360,2.400,4.751,10.313,0.129
497,144,94,185.043,146.109,0,1.270,1.223,1.910,3.276,6.064,0.126
498,144,95,184.608,145.703,0,1.695,1.382,2.398,4.601,9.577,0.354
499,145,94,299.283,282.079,0,1.574,1.354,2.322,4.438,9.263,0.243
500,145,95,299.523,282.042,0,1.939,1.372,2.407,4.726,10.154,0.268
501,145,96,299.276,282.923,0,1.833,1.355,2.345,4.535,9.603,0.168
502,145,97,299.315,282.540,0,1.966,1.372,2.342,4.385,8.824,0.118
503,146,95,255.077,134.056,0,1.629,1.456,2.703,5.610,12.683,0.138
504,146,96,255.302,134.096,0,2.236,1.403,2.460,4.752,9.894,0.167
505,147,95,178.563,137.581,0,1.689,1.368,2.324,4.357,8.847,0.334
506,147,96,178.154,138.261,0,1.595,1.474,2.747,5.691,12.785,0.172
507,147,97,177.689,138.515,0,1.659,1.342,2.256,4.205,8.516,0.153
508,148,95,214.198,192.281,0,1.636,1.342,2.279,4.303,8.862,0.259
509,148,96,214.439,191.683,0,1.831,1.267,2.027,3.560,6.751,0.168
510,148,97,214.442,191.649,0,2.914,1.295,2.124,3.865,7.671,0.100
511,148,98,213.759,191.775,0,2.253,1.311,2.181,4.009,7.988,0.110
512,148,99,213.439,191.614,0,1.362,1.278,2.067,3.668,7.011,0.112
513,149,95,316.054,201.359,0,1.899,1.347,2.282,4.295,8.809,0.203
514,149,96,316.384,201.487,0,1.481,1.405,2.510,4.997,10.831,0.188
515,150,96,225.510,133.023,0,1.431,1.344,2.298,4.342,8.879,0.182
516,150,97,225.584,132.574,0,1.786,1.251,1.980,3.434,6.419,0.101
517,151,97,184.373,145.092,0,2.214,1.337,2.239,4.106,8.072,0.103
518,151,98,184.374,145.586,0,1.685,1.290,2.122,3.880,7.759,0.140
519,152,97,165.430,166.306,0,1.173,1.285,2.179,4.173,8.826,0.100
520,152,98,165.447,166.919,0,1.450,1.348,2.303,4.370,9.026,0.187
521,153,97,294.686,179.782,0,1.721,1.412,2.498,4.927,10.605,0.158
522,153,98,295.740,180.208,0,1.524,1.377,2.383,4.556,9.415,0.192
523,154,97,365.075,312.696,0,1.535,1.328,2.265,4.325,9.075,0.147
524,154,98,365.274,312.774,0,1.672,1.347,2.330,4.492,9.461,0.155
525,155,98,207.522,123.168,0,2.055,1.342,2.262,4.223,8.563,0.110
526,155,99,207.789,122.400,0,2.210,1.325,2.202,4.013,7.869,0.127
527,155,100,207.554,122.338,0,2.239,1.396,2.434,4.687,9.754,0.126
528,155,101,206.052,121.501,0,2.343,1.377,2.405,4.686,9.983,0.500
529,155,102,206.710,121.677,0,2.168,1.402,2.462,4.801,10.185,0.144
530,156,98,264.982,241.360,0,1.524,1.306,2.146,3.885,7.605,0.161
531,156,99,264.004,241.429,0,1.791,1.392,2.446,4.765,10.056,0.187
532,157,99,225.105,131.599,0,1.752,1.311,2.156,3.898,7.611,0.146
533,157,100,225.439,131.630,0,1.512,1.364,2.338,4.444,9.186,0.278
534,157,101,225.394,130.871,0,1.626,1.356,2.339,4.484,9.342,0.500
535,157,102,225.817,130.780,0,1.581,1.233,1.918,3.267,5.995,0.284
536,157,103,226.011,130.892,0,1.516,1.364,2.367,4.542,9.427,0.296
537,157,104,226.579,130.783,0,1.655,1.261,2.078,3.887,8.128,0.141
538,157,105,226.346,130.788,0,1.383,1.269,2.069,3.745,7.408,0.092
539,157,106,226.176,130.655,0,1.301,1.315,2.229,4.235,8.849,0.266
540,158,99,178.325,137.544,0,2.067,1.288,2.065,3.618,6.796,0.127
541,158,100,178.513,137.623,0,1.897,1.340,2.228,4.058,7.952,0.193
542,159,99,327.427,393.193,0,1.948,1.404,2.451,4.712,9.774,0.145
543,159,100,327.211,392.657,0,1.456,1.303,2.174,4.052,8.288,0.165
544,160,102,287.833,136.694,0,1.850,1.389,2.442,4.797,10.320,0.259
545,160,103,288.164,135.680,0,2.030,1.261,2.008,3.506,6.590,0.138
546,161,102,177.695,138.254,0,1.784,1.391,2.435,4.737,10.019,0.258
547,161,103,177.487,137.951,0,1.597,1.341,2.286,4.350,9.052,0.246
548,161,104,177.890,138.205,0,1.626,1.385,2.423,4.700,9.888,0.133
549,162,102,306.316,213.369,0,1.553,1.214,1.887,3.241,6.073,0.278
550,162,103,305.738,213.667,0,1.470,1.390,2.450,4.795,10.192,0.224
551,163,102,264.405,241.054,0,1.628,1.295,2.145,3.931,7.819,0.158
552,163,103,263.952,240.961,0,1.943,1.446,2.657,5.441,12.107,0.125
553,163,104,264.079,241.431,0,2.634,1.426,2.555,5.071,10.912,0.125
554,163,105,263.979,241.134,0,2.632,1.404,2.470,4.810,10.144,0.091
555,163,106,264.915,240.866,0,2.093,1.454,2.686,5.531,12.388,0.205
556,163,107,264.115,241.312,0,2.359,1.356,2.333,4.463,9.320,0.382
557,163,108,263.667,242.048,0,1.658,1.432,2.676,5.662,13.176,0.363
558,164,103,296.728,179.698,0,1.152,1.196,1.847,3.141,5.797,0.125
559,164,104,296.398,180.388,0,1.783,1.334,2.235,4.113,8.150,0.148
560,165,103,213.533,192.145,0,2.189,1.311,2.153,3.904,7.684,0.138
561,165,104,214.066,192.635,0,1.322,1.333,2.293,4.399,9.197,0.126
562,165,105,213.690,192.138,0,2.077,1.400,2.413,4.565,9.282,0.144
563,165,106,214.071,192.119,0,1.322,1.285,2.146,3.989,8.072,0.257
564,166,104,207.145,122.553,0,2.031,1.452,2.625,5.234,11.264,0.178
565,166,105,207.891,123.722,0,2.153,1.364,2.330,4.413,9.085,0.140
566,166,106,208.419,124.234,0,2.078,1.441,2.593,5.153,11.067,0.205
567,166,107,208.629,124.732,0,2.320,1.373,2.353,4.421,8.919,0.382
568,166,108,208.494,124.117,0,1.880,1.432,2.538,4.921,10.210,0.154
569,166,109,208.833,124.227,0,1.967,1.457,2.695,5.569,12.531,0.093
570,166,110,208.580,124.159,0,1.939,1.381,2.431,4.771,10.213,0.273
571,167,104,254.647,132.597,0,1.949,1.413,2.522,5.009,10.845,0.179
572,167,105,255.461,133.594,0,2.228,1.466,2.665,5.357,11.648,0.119
573,167,106,255.415,133.214,0,1.190,1.226,1.943,3.414,6.551,0.133
574,167,107,255.415,133.424,0,1.766,1.325,2.242,4.222,8.685,0.273
575,168,107,184.934,145.713,0,1.651,1.366,2.363,4.539,9.495,0.424
576,168,108,184.662,146.231,0,1.724,1.238,1.948,3.356,6.215,0.125
577,168,109,184.777,146.294,0,1.579,1.415,2.559,5.208,11.644,0.103
578,169,108,226.258,131.338,0,1.322,1.314,2.258,4.412,9.596,0.125
579,169,109,225.216,131.500,0,1.281,1.220,1.894,3.250,6.083,0.133
580,170,108,177.743,138.931,0,2.124,1.372,2.365,4.508,9.308,0.129
581,170,109,177.859,138.799,0,2.473,1.347,2.286,4.280,8.661,0.112
582,170,110,177.953,138.464,0,1.798,1.315,2.196,4.047,8.061,0.148
583,171,108,297.055,179.555,0,1.660,1.451,2.654,5.403,11.958,0.368
584,171,109,296.538,179.400,0,1.403,1.257,1.966,3.363,6.192,0.143
585,172,108,213.429,191.471,0,1.855,1.351,2.289,4.283,8.690,0.133
586,172,109,213.600,191.701,0,2.305,1.364,2.321,4.350,8.805,0.112
587,172,110,212.799,190.830,0,1.849,1.391,2.445,4.753,9.987,0.241
588,173,109,255.660,134.362,0,1.656,1.315,2.158,3.888,7.551,0.097
589,173,110,255.730,134.385,0,1.965,1.364,2.315,4.307,8.606,0.230
590,173,111,255.719,133.958,0,1.421,1.393,2.487,4.948,10.717,0.198
591,174,110,264.215,241.456,0,2.496,1.415,2.532,5.037,10.887,0.125
592,174,111,264.631,240.821,0,2.019,1.378,2.411,4.695,9.953,0.167
593,174,112,264.506,241.246,0,2.638,1.362,2.320,4.351,8.795,0.125
594,174,113,263.939,241.339,0,2.431,1.449,2.639,5.346,11.766,0.167
595,174,114,264.161,241.059,0,2.418,1.340,2.276,4.280,8.723,0.181
596,174,115,264.011,240.714,0,3.647,1.434,2.562,5.050,10.750,0.200
597,174,116,264.520,240.921,0,2.928,1.370,2.370,4.560,9.570,0.125
598,174,117,264.552,240.509,0,2.946,1.333,2.218,4.029,7.834,0.100
599,174,118,265.148,240.991,0,2.145,1.394,2.468,4.904,10.688,0.250
600,174,119,265.497,239.939,0,1.875,1.344,2.286,4.305,8.796,0.361
601,174,120,264.924,240.808,0,1.720,1.483,2.775,5.793,13.146,0.093
602,174,121,265.298,240.512,0,1.809,1.450,2.605,5.151,10.969,0.119
603,174,122,265.626,240.757,0,1.952,1.365,2.353,4.503,9.379,0.235
604,174,123,265.718,241.005,0,1.715,1.430,2.595,5.272,11.701,0.101
605,174,124,265.434,240.613,0,2.169,1.420,2.499,4.838,10.102,0.117
606,175,111,229.151,123.157,0,1.659,1.281,2.096,3.812,7.570,0.171
607,175,112,228.569,122.108,0,1.295,1.269,2.083,3.843,7.849,0.125
608,175,113,229.042,122.364,0,1.602,1.403,2.504,4.958,10.647,0.219
609,176,111,207.090,194.354,0,1.380,1.288,2.143,4.009,8.281,0.170
610,176,112,207.036,192.868,0,1.613,1.451,2.666,5.445,12.070,0.174
611,176,113,207.557,193.496,0,1.618,1.271,2.038,3.639,7.150,0.177
612,176,114,207.255,193.479,0,1.411,1.196,1.812,3.013,5.430,0.144
613,177,112,213.276,191.243,0,1.640,1.285,2.095,3.802,7.563,0.131
614,177,113,213.223,191.113,0,2.327,1.315,2.169,3.921,7.616,0.167
615,177,114,212.172,190.878,0,2.579,1.352,2.299,4.306,8.705,0.181
616,177,115,211.469,191.498,0,3.232,1.506,2.806,5.803,13.007,0.200
617,177,116,209.680,191.601,0,2.583,1.635,3.289,7.322,17.547,0.125
618,177,117,212.124,190.986,0,1.898,1.472,2.751,5.754,13.109,0.125
619,177,118,211.398,191.160,0,2.025,1.509,2.821,5.830,13.010,0.118
620,178,112,295.482,226.931,0,1.720,1.385,2.448,4.821,10.352,0.207
621,178,113,295.666,226.785,0,1.389,1.248,1.985,3.489,6.677,0.177
622,179,114,182.075,146.537,0,1.532,1.354,2.319,4.433,9.287,0.143
623,179,115,182.416,148.030,0,1.286,1.253,2.010,3.542,6.728,0.237
624,180,115,210.473,124.936,0,1.548,1.286,2.069,3.639,6.860,0.317
625,180,116,210.389,124.982,0,1.747,1.276,2.054,3.641,6.995,0.126
626,181,116,225.458,131.220,0,1.919,1.383,2.382,4.496,9.102,0.131
627,181,117,225.920,131.515,0,1.705,1.432,2.598,5.249,11.532,0.268
628,182,116,256.308,133.100,0,1.539,1.377,2.402,4.651,9.780,0.327
629,182,117,254.784,133.730,0,1.607,1.359,2.371,4.648,10.028,0.179
630,182,118,255.125,133.211,0,2.111,1.439,2.549,4.965,10.417,0.302
631,183,116,274.919,224.277,0,2.018,1.444,2.612,5.225,11.310,0.130
632,183,117,274.653,224.567,0,1.810,1.404,2.505,4.961,10.667,0.322
633,183,118,275.074,224.168,0,2.144,1.446,2.581,5.067,10.693,0.280
634,183,119,275.047,224.368,0,1.687,1.428,2.599,5.277,11.660,0.153
635,184,117,165.249,166.619,0,1.986,1.375,2.374,4.531,9.370,0.116
636,184,118,165.135,166.740,0,1.758,1.334,2.257,4.219,8.541,0.128
637,185,117,298.551,280.399,0,1.828,1.439,2.574,5.082,10.832,0.297
638,185,118,298.542,280.805,0,1.365,1.275,2.095,3.861,7.857,0.128
639,185,119,298.214,281.390,0,1.618,1.285,2.087,3.738,7.275,0.126
640,186,118,210.561,125.731,0,1.646,1.287,2.098,3.786,7.426,0.131
641,186,119,210.989,126.123,0,1.781,1.470,2.709,5.531,12.228,0.150
642,187,118,287.330,138.284,0,1.393,1.335,2.294,4.406,9.268,0.127
643,187,119,288.058,138.402,0,1.835,1.356,2.302,4.305,8.695,0.363
644,187,120,288.746,138.392,0,2.299,1.384,2.395,4.574,9.438,0.095
645,187,121,289.862,138.819,0,1.602,1.388,2.431,4.732,10.006,0.250
646,187,122,289.261,138.546,0,1.822,1.205,1.857,3.136,5.708,0.125
647,187,123,289.007,138.714,0,1.308,1.289,2.144,4.022,8.370,0.181
648,187,124,289.702,139.271,0,1.561,1.357,2.301,4.291,8.623,0.143
649,187,125,289.565,137.422,0,1.840,1.308,2.149,3.895,7.650,0.177
650,187,126,289.437,136.986,0,1.783,1.393,2.449,4.769,10.051,0.259
651,187,127,289.456,136.852,0,2.052,1.310,2.196,4.090,8.302,0.174
652,187,128,289.271,137.118,0,1.941,1.416,2.513,4.940,10.518,0.219
653,188,119,226.122,130.446,0,1.852,1.356,2.319,4.380,8.952,0.354
654,188,120,226.172,130.834,0,2.008,1.409,2.510,4.970,10.703,0.113
655,188,121,226.405,131.490,0,1.762,1.379,2.386,4.572,9.510,0.289
656,188,122,225.611,131.639,0,1.885,1.374,2.369,4.515,9.320,0.242
657,188,123,225.269,131.632,0,1.501,1.301,2.127,3.835,7.501,0.201
658,188,124,225.688,131.738,0,1.887,1.435,2.545,4.960,10.386,0.149
659,188,125,225.727,131.017,0,1.643,1.409,2.514,4.963,10.598,0.164
660,189,119,182.496,147.072,0,1.519,1.351,2.347,4.579,9.820,0.117
661,189,120,182.153,146.648,0,1.528,1.222,1.897,3.223,5.896,0.108
662,190,119,305.498,214.229,0,1.320,1.271,2.122,4.061,8.749,0.114
663,190,120,305.448,213.884,0,1.384,1.355,2.376,4.658,9.992,0.199
664,191,120,281.767,120.879,0,1.509,1.426,2.599,5.276,11.638,0.162
665,191,121,282.596,122.628,0,1.642,1.472,2.754,5.719,12.823,0.099
666,192,120,165.533,166.994,0,1.409,1.363,2.419,4.837,10.644,0.229
667,192,121,165.370,166.633,0,1.578,1.378,2.384,4.572,9.529,0.240
668,193,120,211.837,190.577,0,2.150,1.443,2.607,5.231,11.394,0.115
669,193,121,211.638,190.925,0,2.673,1.461,2.668,5.399,11.818,0.091
670,193,122,211.704,190.950,0,2.986,1.454,2.664,5.423,11.967,0.125
671,194,121,177.520,139.182,0,1.745,1.379,2.395,4.633,9.783,0.302
672,194,122,178.005,139.264,0,1.397,1.351,2.353,4.597,9.862,0.140
673,194,123,177.826,139.158,0,1.573,1.211,1.871,3.194,5.955,0.163
674,195,123,208.756,124.071,0,2.264,1.519,2.853,5.917,13.236,0.101
675,195,124,207.828,122.834,0,2.112,1.327,2.235,4.174,8.485,0.118
676,195,125,207.632,123.420,0,1.801,1.422,2.515,4.930,10.485,0.159
677,196,123,181.960,145.549,0,1.867,1.354,2.322,4.402,9.046,0.101
678,196,124,181.741,145.059,0,1.620,1.408,2.486,4.875,10.391,0.203
679,196,125,181.647,145.708,0,1.762,1.308,2.142,3.880,7.637,0.174
680,197,123,305.764,214.167,0,1.628,1.235,1.956,3.435,6.592,0.171
681,197,124,305.737,214.484,0,1.357,1.298,2.153,3.947,7.851,0.104
682,198,124,254.027,132.652,0,1.588,1.423,2.557,5.129,11.232,0.180
683,198,125,254.005,132.661,0,1.518,1.350,2.318,4.397,9.021,0.332
684,198,126,253.825,133.329,0,1.447,1.314,2.181,4.015,8.046,0.386
685,199,124,266.542,157.342,0,1.992,1.386,2.394,4.560,9.389,0.187
686,199,125,266.714,157.843,0,1.733,1.398,2.428,4.632,9.512,0.203
687,200,124,214.178,191.591,0,1.744,1.354,2.296,4.297,8.702,0.169
688,200,125,213.557,191.421,0,1.559,1.348,2.281,4.253,8.566,0.301
689,200,126,215.116,190.455,0,1.403,1.306,2.187,4.058,8.175,0.384
690,201,124,234.776,285.582,0,1.857,1.380,2.379,4.528,9.320,0.208
691,201,125,234.738,286.361,0,1.835,1.357,2.290,4.257,8.546,0.165
692,201,126,234.199,285.874,0,1.597,1.379,2.406,4.683,9.952,0.241
693,202,127,275.036,224.346,0,1.666,1.459,2.641,5.274,11.346,0.199
694,202,128,274.659,224.528,0,2.130,1.380,2.395,4.590,9.518,0.220
695,203,127,263.635,241.539,0,1.878,1.320,2.199,4.048,8.094,0.176
696,203,128,263.238,242.712,0,2.290,1.300,2.138,3.881,7.634,0.202
697,203,129,262.263,242.404,0,1.720,1.374,2.394,4.632,9.753,0.241
698,203,130,262.820,242.890,0,2.624,1.443,2.582,5.093,10.833,0.100
699,203,131,262.690,243.133,0,2.614,1.343,2.270,4.233,8.540,0.167
700,204,129,226.513,130.688,0,1.655,1.301,2.136,3.854,7.497,0.121
701,204,130,226.593,129.521,0,1.751,1.379,2.351,4.397,8.841,0.113
702,205,129,182.925,144.573,0,1.331,1.284,2.084,3.711,7.103,0.112
703,205,130,182.363,144.449,0,1.104,1.072,1.480,2.217,3.593,0.100
704,206,129,294.155,179.905,0,1.648,1.379,2.416,4.724,10.080,0.231
705,206,130,294.283,179.963,0,1.837,1.505,2.860,6.062,13.955,0.102
706,207,129,215.501,189.465,0,1.925,1.287,2.127,3.916,7.896,0.116
707,207,130,214.286,190.543,0,2.165,1.447,2.613,5.219,11.260,0.139
708,207,131,214.495,191.289,0,1.703,1.382,2.381,4.552,9.468,0.230
709,207,132,215.509,189.777,0,1.937,1.395,2.435,4.719,9.946,0.126
710,207,133,216.295,189.000,0,1.817,1.359,2.330,4.418,9.078,0.157
711,208,131,253.928,135.296,0,1.531,1.387,2.458,4.870,10.536,0.261
712,208,132,254.039,134.747,0,1.268,1.265,2.078,3.826,7.765,0.148
713,209,132,266.340,158.269,0,1.726,1.399,2.443,4.689,9.681,0.219
714,209,133,266.460,157.692,0,1.738,1.401,2.456,4.784,10.136,0.176
715,209,134,266.309,157.336,0,1.958,1.335,2.258,4.220,8.541,0.144
716,209,135,266.219,157.816,0,1.751,1.362,2.338,4.427,9.049,0.162
717,210,132,205.755,194.695,0,1.834,1.474,2.704,5.494,12.081,0.181
718,210,133,204.775,195.469,0,1.636,1.384,2.411,4.677,9.893,0.169
719,211,132,305.764,212.797,0,1.745,1.480,2.755,5.690,12.732,0.178
720,211,133,305.898,212.426,0,1.680,1.320,2.228,4.195,8.650,0.161
721,212,132,274.700,223.887,0,1.597,1.388,2.445,4.777,10.116,0.271
722,212,133,275.657,226.109,0,1.998,1.540,2.916,6.073,13.598,0.092
723,212,134,275.316,225.247,0,2.172,1.531,2.945,6.318,14.721,0.077
724,213,132,284.396,310.713,0,1.563,1.263,2.013,3.514,6.599,0.118
725,213,133,284.816,310.820,0,1.603,1.470,2.760,5.772,13.081,0.196
726,214,133,282.358,119.479,0,1.555,1.468,2.788,5.999,14.181,0.187
727,214,134,280.913,119.143,0,1.247,1.249,2.035,3.731,7.579,0.089
728,215,133,289.266,137.354,0,1.680,1.286,2.071,3.645,6.878,0.121
729,215,134,289.882,136.987,0,1.626,1.397,2.491,4.974,10.866,0.130
730,215,135,289.252,137.431,0,1.542,1.405,2.484,4.905,10.587,0.211
731,215,136,289.053,136.643,0,1.396,1.389,2.465,4.848,10.326,0.152
732,216,133,212.475,160.460,0,1.396,1.267,2.072,3.790,7.635,0.093
733,216,134,212.676,159.937,0,1.665,1.270,2.050,3.660,7.109,0.077
734,216,135,212.515,160.719,0,1.832,1.391,2.453,4.818,10.302,0.184
735,217,133,218.594,204.992,0,1.713,1.514,2.873,6.038,13.706,0.137
736,217,134,217.724,205.612,0,1.295,1.311,2.224,4.234,8.879,0.118
737,218,133,262.898,242.524,0,2.128,1.407,2.487,4.842,10.148,0.091
738,218,134,263.631,242.181,0,1.892,1.441,2.650,5.466,12.326,0.169
739,218,135,263.639,242.358,0,2.659,1.356,2.292,4.260,8.541,0.111
740,218,136,262.816,242.202,0,2.085,1.482,2.769,5.754,12.962,0.111
741,218,137,263.354,242.177,0,1.866,1.371,2.350,4.437,9.045,0.160
742,219,134,177.852,138.170,0,2.063,1.346,2.277,4.228,8.430,0.151
743,219,135,178.266,138.462,0,2.064,1.449,2.638,5.316,11.577,0.114
744,219,136,178.749,137.664,0,1.854,1.369,2.351,4.496,9.394,0.160
745,220,135,216.413,189.585,0,1.903,1.533,2.960,6.379,14.917,0.111
746,220,136,215.599,189.224,0,1.977,1.377,2.303,4.190,8.120,0.158
747,221,136,207.733,124.475,0,1.750,1.451,2.652,5.383,11.860,0.118
748,221,137,208.208,124.271,0,1.769,1.325,2.261,4.310,9.002,0.153
749,222,136,227.434,129.693,0,1.779,1.264,2.023,3.568,6.825,0.112
750,222,137,227.091,130.072,0,1.394,1.393,2.502,5.038,11.098,0.137
751,222,138,227.886,130.318,0,1.883,1.515,2.875,6.040,13.701,0.104
752,222,139,226.967,129.737,0,1.805,1.383,2.421,4.723,10.057,0.281
753,222,140,227.398,129.308,0,1.419,1.325,2.223,4.152,8.485,0.184
754,223,136,235.279,271.569,0,1.558,1.403,2.506,5.025,11.063,0.165
755,223,137,235.185,270.698,0,1.520,1.308,2.147,3.851,7.396,0.224
756,224,137,253.983,134.701,0,2.017,1.355,2.359,4.584,9.725,0.122
757,224,138,253.342,134.247,0,1.463,1.234,1.935,3.329,6.176,0.102
758,224,139,253.478,135.141,0,1.967,1.343,2.267,4.228,8.553,0.215
759,225,137,266.326,157.421,0,1.555,1.289,2.064,3.612,6.776,0.201
760,225,138,266.252,157.641,0,1.590,1.318,2.223,4.219,8.849,0.317
761,226,137,306.292,212.660,0,1.416,1.281,2.069,3.694,7.180,0.168
762,226,138,306.225,212.579,0,1.595,1.342,2.265,4.224,8.541,0.314
763,227,138,179.386,136.871,0,1.771,1.298,2.152,3.992,8.149,0.143
764,227,139,179.554,136.709,0,1.395,1.271,2.132,4.079,8.736,0.144
765,227,140,178.680,137.396,0,1.750,1.316,2.210,4.154,8.592,0.158
766,228,139,263.565,242.285,0,1.924,1.377,2.391,4.621,9.733,0.278
767,228,140,263.325,242.588,0,1.909,1.243,1.968,3.427,6.451,0.145
768,228,141,263.325,241.627,0,2.314,1.332,2.256,4.256,8.777,0.143
769,229,140,289.385,137.131,0,1.839,1.520,2.876,6.008,13.528,0.143
770,229,141,289.280,137.328,0,1.580,1.356,2.303,4.300,8.645,0.550
771,230,141,215.667,189.122,0,1.544,1.355,2.317,4.401,9.089,0.543
772,230,142,215.689,189.425,0,2.025,1.304,2.189,4.122,8.564,0.167
773,230,143,216.052,188.441,0,2.034,1.379,2.434,4.788,10.262,0.219
774,230,144,216.060,189.341,0,1.500,1.341,2.283,4.318,8.877,0.359
775,230,145,215.907,189.686,0,1.994,1.373,2.343,4.395,8.881,0.167
776,230,146,215.494,190.498,0,1.500,1.346,2.279,4.263,8.629,0.229
777,231,141,261.537,268.887,0,1.604,1.366,2.352,4.475,9.220,0.568
778,231,142,261.087,268.724,0,1.860,1.404,2.497,4.929,10.545,0.271
779,231,143,261.366,269.017,0,1.914,1.423,2.541,5.038,10.837,0.166
780,232,142,228.227,129.940,0,1.793,1.416,2.580,5.254,11.658,0.310
781,232,143,227.216,129.746,0,2.266,1.347,2.296,4.348,8.983,0.104
782,232,144,227.450,129.980,0,1.698,1.355,2.354,4.555,9.602,0.330
783,233,142,253.078,133.357,0,1.632,1.411,2.576,5.291,11.896,0.300
784,233,143,253.571,134.304,0,1.555,1.326,2.191,3.975,7.767,0.293
785,233,144,253.696,134.063,0,1.646,1.361,2.338,4.446,9.171,0.368
786,234,143,185.456,144.717,0,2.049,1.473,2.702,5.484,12.028,0.115
787,234,144,185.370,144.803,0,1.387,1.358,2.385,4.737,10.412,0.273
788,234,145,185.444,145.206,0,1.630,1.361,2.376,4.639,9.919,0.198
789,234,146,184.657,145.196,0,2.042,1.406,2.479,4.849,10.300,0.239
790,234,147,184.326,145.357,0,1.834,1.301,2.164,4.022,8.223,0.244
791,234,148,184.644,145.173,0,1.809,1.337,2.273,4.317,8.991,0.220
792,234,149,184.373,145.494,0,1.319,1.275,2.067,3.691,7.126,0.149
793,234,150,184.182,145.387,0,1.602,1.342,2.280,4.330,9.009,0.300
794,235,143,263.006,242.196,0,1.993,1.380,2.399,4.611,9.579,0.216
795,235,144,263.127,242.357,0,2.777,1.300,2.148,3.906,7.676,0.167
796,235,145,262.926,242.156,0,3.630,1.433,2.579,5.136,11.060,0.167
797,235,146,262.819,241.654,0,2.903,1.396,2.429,4.656,9.629,0.125
798,235,147,263.196,242.131,0,2.106,1.375,2.404,4.682,9.938,0.202
799,235,148,263.313,241.689,0,2.303,1.352,2.274,4.197,8.328,0.125
800,235,149,263.103,241.961,0,2.626,1.424,2.590,5.264,11.668,0.111
801,235,150,263.239,241.796,0,2.797,1.395,2.415,4.597,9.429,0.111
802,235,151,263.482,241.789,0,2.284,1.455,2.636,5.270,11.353,0.129
803,235,152,263.312,241.678,0,2.093,1.314,2.217,4.188,8.706,0.170
804,235,153,263.527,241.887,0,2.761,1.359,2.309,4.308,8.661,0.091
805,235,154,263.222,242.014,0,2.996,1.378,2.407,4.683,9.927,0.143
806,235,155,263.171,242.153,0,3.400,1.348,2.277,4.243,8.554,0.200
807,235,156,263.573,242.299,0,3.045,1.331,2.221,4.080,8.097,0.167
808,235,157,262.923,242.213,0,2.316,1.386,2.426,4.721,9.985,0.163
809,235,158,262.937,242.142,0,2.767,1.425,2.568,5.130,11.096,0.100
810,235,159,262.345,242.433,0,2.522,1.401,2.453,4.737,9.867,0.167
811,235,160,262.873,242.441,0,2.302,1.451,2.652,5.393,11.926,0.344
812,235,161,263.322,242.403,0,2.864,1.355,2.309,4.333,8.779,0.111
813,235,162,263.881,242.389,0,1.948,1.397,2.435,4.682,9.731,0.117
814,235,163,264.102,242.169,0,2.729,1.399,2.481,4.901,10.542,0.143
815,235,164,263.959,242.578,0,1.644,1.455,2.688,5.508,12.222,0.283
816,236,143,284.123,310.443,0,1.480,1.305,2.189,4.113,8.510,0.261
817,236,144,283.847,310.605,0,1.384,1.320,2.226,4.209,8.772,0.289
818,237,145,297.363,230.449,0,1.398,1.236,1.940,3.342,6.217,0.191
819,237,146,297.713,230.367,0,1.648,1.305,2.171,4.050,8.338,0.182
820,238,146,227.701,130.276,0,1.602,1.359,2.327,4.417,9.108,0.249
821,238,147,226.804,130.451,0,1.404,1.300,2.137,3.897,7.755,0.394
822,239,148,279.754,116.938,0,1.874,1.411,2.504,4.913,10.413,0.216
823,239,149,280.229,117.692,0,2.249,1.261,2.003,3.493,6.581,0.115
824,240,148,210.518,124.870,0,1.710,1.298,2.137,3.904,7.785,0.181
825,240,149,209.723,124.589,0,2.210,1.339,2.261,4.215,8.513,0.171
826,240,150,210.362,125.230,0,1.651,1.356,2.325,4.427,9.167,0.326
827,240,151,210.517,124.562,0,1.659,1.243,1.947,3.340,6.172,0.149
828,241,148,266.910,158.418,0,1.652,1.356,2.321,4.376,8.905,0.269
829,241,149,266.111,158.104,0,1.829,1.455,2.660,5.413,11.982,0.111
830,242,149,266.518,289.910,0,2.226,1.381,2.378,4.520,9.298,0.167
831,242,150,267.129,290.015,0,1.384,1.384,2.467,4.905,10.641,0.195
832,242,151,267.159,290.762,0,2.280,1.369,2.367,4.563,9.596,0.133
833,242,152,267.903,290.690,0,2.035,1.331,2.279,4.386,9.307,0.170
834,242,153,267.959,290.906,0,1.657,1.416,2.566,5.228,11.681,0.185
835,243,150,227.701,130.638,0,2.014,1.337,2.296,4.425,9.378,0.111
836,243,151,227.272,129.803,0,1.970,1.410,2.500,4.920,10.510,0.126
837,243,152,227.837,129.609,0,2.002,1.512,2.828,5.839,12.991,0.100
838,244,150,297.280,230.400,0,1.678,1.397,2.429,4.635,9.502,0.250
839,244,151,297.127,231.408,0,1.453,1.316,2.214,4.153,8.520,0.125
840,245,151,280.393,118.686,0,2.347,1.289,2.115,3.866,7.745,0.129
841,245,152,280.189,118.617,0,2.835,1.391,2.405,4.576,9.389,0.100
842,245,153,280.889,118.747,0,1.907,1.439,2.639,5.404,12.050,0.119
843,245,154,281.100,119.845,0,1.817,1.433,2.575,5.137,11.124,0.174
844,245,155,281.342,119.701,0,2.244,1.466,2.666,5.342,11.546,0.200
845,246,152,215.755,191.386,0,1.525,1.322,2.184,3.989,7.921,0.164
846,246,153,215.518,191.133,0,2.074,1.324,2.185,3.963,7.750,0.093
847,247,152,204.939,193.985,0,1.762,1.394,2.473,4.881,10.482,0.135
848,247,153,204.894,193.835,0,2.416,1.494,2.806,5.882,13.416,0.091
849,247,154,205.325,194.139,0,1.867,1.343,2.297,4.381,9.131,0.146
850,248,152,306.661,212.153,0,1.612,1.410,2.491,4.872,10.328,0.143
851,248,153,306.287,212.454,0,1.371,1.178,1.792,3.014,5.535,0.093
852,249,153,214.240,159.485,0,1.314,1.272,2.067,3.716,7.248,0.137
853,249,154,214.398,158.847,0,1.403,1.346,2.316,4.455,9.386,0.339
854,250,154,209.211,123.705,0,1.535,1.336,2.304,4.479,9.601,0.286
855,250,155,209.326,123.721,0,1.357,1.289,2.161,4.124,8.802,0.200
856,250,156,208.436,124.122,0,2.034,1.462,2.672,5.409,11.837,0.167
857,250,157,207.777,123.847,0,1.989,1.486,2.761,5.706,12.821,0.146
858,250,158,207.229,124.741,0,2.169,1.334,2.291,4.415,9.360,0.165
859,250,159,207.128,124.654,0,1.863,1.328,2.272,4.362,9.195,0.167
860,250,160,207.963,124.315,0,2.272,1.436,2.599,5.209,11.285,0.341
861,250,161,208.593,124.213,0,1.562,1.277,2.074,3.700,7.113,0.259
862,251,156,214.850,191.109,0,1.543,1.318,2.239,4.316,9.258,0.215
863,251,157,215.061,190.924,0,2.324,1.447,2.625,5.262,11.395,0.163
864,251,158,213.202,190.688,0,2.249,1.369,2.340,4.399,8.908,0.164
865,251,159,211.710,191.367,0,1.621,1.282,2.052,3.592,6.750,0.271
866,251,160,211.315,191.245,0,1.452,1.199,1.813,3.002,5.378,0.125
867,251,161,210.975,190.674,0,1.278,1.330,2.292,4.423,9.356,0.119
868,251,162,211.731,190.926,0,1.506,1.299,2.111,3.769,7.262,0.152
869,251,163,211.943,190.944,0,1.354,1.355,2.398,4.814,10.695,0.226
870,251,164,212.099,190.441,0,1.532,1.457,2.723,5.683,12.896,0.253
871,251,165,211.579,191.428,0,1.437,1.282,2.088,3.792,7.565,0.300
872,251,166,211.209,190.558,0,1.224,1.248,1.998,3.516,6.679,0.210
873,251,167,211.309,190.454,0,1.810,1.276,2.058,3.669,7.104,0.268
874,251,168,211.239,190.581,0,2.313,1.416,2.537,5.064,11.011,0.200
875,251,169,211.999,190.571,0,2.488,1.409,2.523,5.032,10.916,0.167
876,251,170,212.530,191.312,0,1.756,1.394,2.441,4.775,10.223,0.310
877,251,171,212.870,191.007,0,1.765,1.425,2.554,5.085,10.983,0.199
878,251,172,212.597,191.109,0,1.772,1.274,2.066,3.723,7.340,0.231
879,251,173,212.646,191.047,0,2.341,1.366,2.329,4.367,8.819,0.297
880,252,157,281.325,121.145,0,1.533,1.329,2.269,4.346,9.165,0.146
881,252,158,281.454,120.524,0,2.044,1.508,2.805,5.759,12.751,0.100
882,253,157,267.064,158.278,0,1.864,1.412,2.502,4.914,10.463,0.145
883,253,158,266.093,157.254,0,1.911,1.284,2.092,3.767,7.356,0.101
884,253,159,266.318,157.781,0,1.523,1.267,2.041,3.629,7.002,0.277
885,253,160,265.949,157.735,0,2.261,1.466,2.646,5.256,11.249,0.351
886,253,161,266.827,156.975,0,1.595,1.386,2.428,4.733,10.059,0.191
887,254,157,270.378,292.291,0,1.397,1.256,2.023,3.594,6.908,0.146
888,254,158,269.381,291.358,0,1.837,1.409,2.479,4.843,10.290,0.166
889,255,158,185.707,145.055,0,1.578,1.355,2.335,4.510,9.573,0.143
890,255,159,185.428,144.601,0,1.955,1.468,2.725,5.651,12.762,0.167
891,256,160,228.315,129.837,0,1.683,1.321,2.238,4.286,9.109,0.128
892,256,161,228.371,129.555,0,2.009,1.332,2.227,4.110,8.223,0.111
893,256,162,227.942,130.252,0,1.997,1.470,2.723,5.611,12.540,0.113
894,256,163,228.420,129.600,0,1.446,1.361,2.350,4.494,9.324,0.226
895,257,161,252.849,134.328,0,1.621,1.275,2.076,3.756,7.430,0.229
896,257,162,253.269,133.749,0,1.713,1.434,2.552,5.020,10.689,0.215
897,258,162,205.263,193.999,0,1.496,1.376,2.373,4.509,9.236,0.269
898,258,163,205.391,194.137,0,2.315,1.419,2.530,4.995,10.674,0.143
899,258,164,205.205,194.748,0,1.958,1.353,2.337,4.512,9.556,0.210
900,258,165,205.296,194.404,0,1.098,1.132,1.664,2.677,4.661,0.167
901,259,163,280.456,117.663,0,2.019,1.348,2.277,4.253,8.605,0.153
902,259,164,280.575,117.187,0,1.841,1.394,2.454,4.788,10.129,0.244
903,260,163,207.810,124.649,0,2.710,1.526,2.901,6.096,13.808,0.143
904,260,164,207.167,124.843,0,1.818,1.438,2.631,5.361,11.859,0.234
905,261,167,227.908,128.618,0,1.642,1.473,2.727,5.597,12.435,0.248
906,261,168,228.429,130.066,0,1.769,1.492,2.791,5.801,13.084,0.200
907,261,169,227.821,130.731,0,1.420,1.294,2.133,3.880,7.640,0.180
908,261,170,227.275,131.134,0,1.998,1.357,2.284,4.221,8.394,0.166
909,262,168,208.108,124.624,0,2.065,1.615,3.243,7.198,17.194,0.200
910,262,169,206.508,125.408,0,2.039,1.441,2.549,4.948,10.315,0.167
911,263,169,205.237,194.532,0,1.732,1.298,2.145,3.929,7.834,0.278
912,263,170,204.329,194.527,0,1.621,1.392,2.444,4.771,10.125,0.297
913,263,171,205.207,194.305,0,2.433,1.309,2.156,3.888,7.527,0.167
914,264,169,265.830,241.223,0,1.650,1.315,2.185,4.023,8.052,0.290
915,264,170,264.988,240.970,0,1.691,1.459,2.729,5.705,12.972,0.129
916,264,171,265.036,241.309,0,2.061,1.388,2.449,4.835,10.438,0.169
917,264,172,265.630,241.247,0,1.613,1.350,2.286,4.269,8.613,0.243
918,265,170,177.509,138.951,0,1.851,1.361,2.326,4.385,8.932,0.248
919,265,171,177.480,139.210,0,1.676,1.295,2.145,3.947,7.926,0.185
920,266,170,235.016,272.394,0,2.012,1.466,2.681,5.399,11.699,0.126
921,266,171,235.530,272.524,0,1.760,1.353,2.338,4.498,9.446,0.202
922,266,172,236.392,272.456,0,2.042,1.530,2.912,6.108,13.783,0.200
923,266,173,237.114,271.275,0,2.241,1.384,2.396,4.604,9.620,0.306
924,266,174,235.965,270.494,0,1.963,1.451,2.679,5.521,12.400,0.167
925,267,171,306.171,212.041,0,1.713,1.478,2.767,5.763,13.032,0.182
926,267,172,306.062,211.442,0,1.425,1.258,2.036,3.637,7.038,0.202
927,268,173,209.315,123.071,0,1.992,1.377,2.406,4.709,10.090,0.213
928,268,174,210.022,122.943,0,1.549,1.456,2.722,5.697,12.999,0.167
929,268,175,209.939,122.550,0,1.629,1.406,2.500,4.922,10.490,0.276
930,268,176,210.086,122.973,0,2.061,1.355,2.308,4.331,8.762,0.240
931,268,177,210.322,122.465,0,2.100,1.329,2.222,4.106,8.236,0.195
932,269,175,253.081,134.576,0,1.613,1.313,2.297,4.625,10.456,0.525
933,269,176,252.988,133.601,0,1.471,1.289,2.097,3.772,7.385,0.170
934,270,175,265.654,241.198,0,1.780,1.418,2.564,5.220,11.676,0.218
935,270,176,265.435,241.380,0,2.066,1.368,2.307,4.255,8.413,0.238
936,271,176,226.632,130.622,0,1.827,1.343,2.219,3.993,7.664,0.151
937,271,177,226.722,130.850,0,1.767,1.410,2.534,5.104,11.258,0.202
938,271,178,226.573,130.877,0,1.900,1.357,2.337,4.488,9.421,0.149
939,271,179,226.460,131.459,0,1.916,1.269,2.043,3.647,7.113,0.200
940,272,176,210.620,191.085,0,1.824,1.380,2.400,4.644,9.788,0.243
941,272,177,210.248,190.799,0,1.971,1.377,2.359,4.439,8.988,0.200
942,272,178,210.567,191.292,0,2.211,1.304,2.149,3.894,7.609,0.101
943,272,179,208.750,190.270,0,1.909,1.428,2.573,5.152,11.193,0.203
944,272,180,209.373,189.890,0,2.047,1.295,2.121,3.815,7.379,0.169
945,272,181,209.313,190.209,0,2.150,1.424,2.534,4.988,10.623,0.125
946,272,182,209.324,190.676,0,1.912,1.398,2.478,4.910,10.639,0.170
947,272,183,210.095,190.826,0,1.841,1.433,2.628,5.392,12.073,0.105
948,272,184,209.425,191.347,0,2.169,1.294,2.123,3.848,7.579,0.125
949,272,185,208.826,191.856,0,2.244,1.480,2.757,5.725,12.910,0.200
950,272,186,205.930,194.005,0,2.504,1.576,3.056,6.525,14.954,0.200
951,272,187,206.561,193.346,0,2.870,1.651,3.300,7.236,16.967,0.200
952,272,188,204.383,194.439,0,1.345,1.295,2.170,4.104,8.614,0.328
953,272,189,205.411,193.903,0,1.818,1.573,3.087,6.721,15.776,0.172
954,273,177,183.661,188.361,0,1.203,1.245,2.022,3.707,7.559,0.168
955,273,178,185.028,188.513,0,1.438,1.313,2.248,4.343,9.270,0.355
956,274,177,205.386,194.511,0,1.644,1.370,2.398,4.692,10.044,0.199
957,274,178,204.684,194.274,0,1.832,1.325,2.203,4.007,7.817,0.134
958,275,177,237.046,270.046,0,1.526,1.250,2.051,3.756,7.531,0.168
959,275,178,236.592,270.348,0,1.538,1.312,2.246,4.312,9.094,0.244
960,275,179,236.548,271.089,0,1.626,1.446,2.701,5.645,12.838,0.301
961,275,180,236.459,271.109,0,1.587,1.279,2.121,3.971,8.255,0.224
962,275,181,235.729,271.411,0,1.717,1.342,2.300,4.427,9.389,0.351
963,276,179,265.036,274.270,0,1.587,1.437,2.589,5.142,10.994,0.300
964,276,180,265.501,274.392,0,1.577,1.387,2.432,4.771,10.259,0.125
965,277,180,210.153,122.213,0,1.969,1.426,2.549,5.038,10.774,0.112
966,277,181,209.886,122.579,0,2.099,1.282,2.108,3.837,7.588,0.127
967,277,182,209.968,122.651,0,2.306,1.463,2.684,5.480,12.148,0.165
968,277,183,210.513,122.235,0,2.094,1.463,2.703,5.557,12.396,0.197
969,277,184,210.471,122.789,0,2.321,1.474,2.688,5.391,11.632,0.132
970,278,180,317.905,176.586,0,2.117,1.323,2.212,4.091,8.213,0.169
971,278,181,318.392,176.611,0,1.454,1.420,2.595,5.318,11.913,0.126
972,279,181,224.847,120.782,0,1.734,1.347,2.315,4.436,9.283,0.346
973,279,182,223.632,121.009,0,1.557,1.403,2.502,4.996,10.911,0.143
974,280,181,265.058,241.558,0,1.754,1.335,2.245,4.183,8.473,0.339
975,280,182,264.251,241.568,0,2.473,1.501,2.792,5.740,12.749,0.163
976,280,183,264.506,241.875,0,2.130,1.475,2.704,5.478,11.967,0.195
977,280,184,264.094,242.143,0,2.130,1.504,2.835,5.907,13.268,0.132
978,280,185,263.775,242.157,0,1.784,1.445,2.615,5.239,11.346,0.274
979,280,186,263.649,242.586,0,2.056,1.407,2.462,4.756,9.924,0.205
980,280,187,263.795,241.640,0,2.016,1.505,2.809,5.802,12.949,0.201
981,280,188,263.759,241.699,0,1.634,1.277,2.061,3.678,7.146,0.094
982,281,182,334.433,162.572,0,1.407,1.290,2.163,4.064,8.400,0.143
983,281,183,334.507,161.882,0,1.740,1.335,2.233,4.120,8.225,0.287
984,281,184,334.826,162.041,0,1.713,1.516,2.913,6.236,14.483,0.126
985,281,185,334.430,161.527,0,2.071,1.399,2.396,4.476,8.933,0.202
986,282,182,265.816,274.017,0,2.095,1.410,2.483,4.793,9.912,0.172
987,282,183,265.336,273.540,0,1.694,1.330,2.238,4.198,8.629,0.279
988,283,183,283.066,87.648,0,1.375,1.231,1.937,3.353,6.285,0.112
989,283,184,282.805,88.165,0,1.539,1.449,2.655,5.390,11.846,0.127
990,284,183,226.325,131.584,0,1.776,1.331,2.267,4.332,9.125,0.262
991,284,184,226.206,131.407,0,1.617,1.340,2.229,4.074,8.032,0.146
992,285,183,184.996,145.477,0,1.513,1.411,2.537,5.087,11.108,0.126
993,285,184,184.351,145.280,0,1.350,1.258,2.025,3.662,7.343,0.126
994,286,183,236.290,270.996,0,1.557,1.366,2.378,4.610,9.732,0.153
995,286,184,235.452,270.603,0,1.464,1.354,2.339,4.504,9.475,0.147
996,287,186,210.136,122.877,0,1.787,1.398,2.518,5.092,11.287,0.222
997,287,187,210.960,122.089,0,1.783,1.427,2.582,5.213,11.452,0.242
998,288,187,226.163,131.052,0,1.722,1.379,2.387,4.583,9.554,0.225
999,288,188,225.881,130.898,0,1.565,1.374,2.410,4.705,10.004,0.175
1000,288,189,226.185,131.689,0,1.552,1.406,2.519,5.064,11.158,0.160
1001,288,190,225.829,131.028,0,1.498,1.334,2.271,4.297,8.849,0.182
1002,288,191,225.684,130.970,0,2.319,1.449,2.623,5.265,11.461,0.200
1003,288,192,225.895,131.372,0,1.838,1.380,2.428,4.786,10.340,0.113
1004,289,187,265.762,271.959,0,1.638,1.477,2.753,5.716,12.888,0.216
1005,289,188,266.351,273.140,0,1.579,1.348,2.289,4.303,8.772,0.158
1006,289,189,266.619,272.524,0,1.505,1.349,2.275,4.210,8.374,0.236
1007,289,190,265.806,271.987,0,1.605,1.406,2.496,4.914,10.493,0.138
1008,290,188,252.069,131.924,0,1.505,1.430,2.609,5.293,11.638,0.118
1009,290,189,252.344,131.305,0,1.377,1.359,2.371,4.616,9.808,0.194
1010,291,189,207.111,191.701,0,1.900,1.532,2.929,6.227,14.314,0.172
1011,291,190,206.842,190.834,0,2.581,1.406,2.490,4.887,10.384,0.111
1012,291,191,206.513,191.742,0,2.986,1.449,2.652,5.417,12.047,0.200
1013,291,192,206.798,190.425,0,2.372,1.354,2.301,4.326,8.836,0.111
1014,291,193,206.726,191.774,0,2.055,1.625,3.264,7.256,17.362,0.125
1015,291,194,207.223,191.743,0,2.833,1.528,2.911,6.147,14.013,0.125
1016,292,189,507.592,422.577,0,1.253,1.241,1.982,3.500,6.730,0.143
1017,292,190,508.309,422.079,0,1.809,1.441,2.611,5.267,11.556,0.149
1018,293,190,263.433,242.889,0,2.044,1.404,2.501,4.964,10.746,0.129
1019,293,191,263.677,242.553,0,2.603,1.222,1.908,3.278,6.097,0.200
1020,293,192,263.670,242.593,0,1.978,1.241,1.945,3.335,6.149,0.111
1021,293,193,263.984,242.359,0,2.765,1.353,2.319,4.415,9.151,0.125
1022,293,194,264.748,242.488,0,2.877,1.359,2.313,4.347,8.846,0.125
1023,293,195,264.593,242.287,0,2.979,1.352,2.320,4.436,9.262,0.143
1024,293,196,264.676,241.785,0,2.705,1.386,2.388,4.548,9.389,0.100
1025,293,197,265.214,241.804,0,2.575,1.363,2.344,4.468,9.254,0.071
1026,293,198,265.348,241.596,0,2.321,1.324,2.185,3.941,7.617,0.260
1027,293,199,266.025,241.494,0,2.693,1.380,2.375,4.506,9.234,0.100
1028,293,200,265.499,241.530,0,2.540,1.331,2.194,3.948,7.604,0.111
1029,293,201,265.676,241.684,0,3.072,1.388,2.408,4.633,9.691,0.143
1030,293,202,265.104,240.894,0,2.895,1.409,2.463,4.745,9.866,0.111
1031,293,203,265.002,241.122,0,2.629,1.501,2.818,5.867,13.220,0.143
1032,293,204,265.149,241.651,0,2.358,1.316,2.177,3.961,7.782,0.160
1033,293,205,265.404,241.021,0,2.747,1.357,2.319,4.383,8.969,0.083
1034,293,206,265.247,241.567,0,2.464,1.301,2.141,3.899,7.724,0.111
1035,293,207,264.249,242.113,0,3.609,1.377,2.369,4.481,9.131,0.143
1036,293,208,264.609,242.054,0,2.643,1.290,2.127,3.902,7.830,0.143
1037,293,209,263.503,242.344,0,2.849,1.308,2.176,4.002,7.994,0.111
1038,293,210,263.327,242.821,0,2.015,1.396,2.443,4.713,9.805,0.191
1039,293,211,263.445,242.345,0,2.180,1.384,2.397,4.587,9.506,0.217
1040,293,212,263.007,241.968,0,2.151,1.383,2.435,4.762,10.110,0.223
1041,293,213,263.298,242.094,0,1.785,1.310,2.162,3.927,7.697,0.241
1042,294,190,236.050,270.581,0,1.843,1.385,2.426,4.717,9.966,0.240
1043,294,191,236.630,270.271,0,1.655,1.501,2.858,6.058,13.911,0.200
1044,295,192,210.833,122.474,0,1.509,1.229,1.914,3.279,6.086,0.128
1045,295,193,211.534,123.647,0,1.628,1.317,2.234,4.274,9.045,0.137
1046,295,194,211.514,123.310,0,1.385,1.127,1.644,2.623,4.529,0.131
1047,295,195,211.910,123.005,0,1.841,1.393,2.447,4.766,10.068,0.151
1048,295,196,210.868,122.602,0,1.534,1.261,2.060,3.778,7.660,0.114
1049,295,197,210.830,122.624,0,1.668,1.249,1.987,3.478,6.588,0.088
1050,296,193,185.588,145.137,0,2.100,1.351,2.256,4.122,8.089,0.128
1051,296,194,185.790,144.543,0,2.191,1.392,2.412,4.610,9.529,0.125
1052,296,195,185.250,145.198,0,1.561,1.416,2.552,5.138,11.303,0.217
1053,296,196,185.238,144.062,0,1.765,1.371,2.422,4.773,10.251,0.142
1054,297,193,205.852,194.063,0,1.799,1.491,2.850,6.115,14.291,0.167
1055,297,194,206.061,193.380,0,2.761,1.740,3.614,8.162,19.548,0.125
1056,298,193,236.371,270.447,0,2.255,1.400,2.482,4.910,10.609,0.128
1057,298,194,236.430,270.355,0,1.660,1.327,2.244,4.214,8.604,0.150
1058,299,194,226.466,131.496,0,1.141,1.142,1.667,2.674,4.683,0.131
1059,299,195,226.528,131.341,0,1.613,1.295,2.094,3.714,7.094,0.185
1060,299,196,226.659,131.072,0,1.548,1.340,2.265,4.270,8.819,0.157
1061,299,197,226.528,130.898,0,1.728,1.299,2.181,4.088,8.394,0.178
1062,300,194,267.259,159.099,0,1.739,1.365,2.404,4.743,10.228,0.151
1063,300,195,267.834,158.462,0,1.533,1.362,2.338,4.447,9.187,0.346
1064,301,195,178.254,137.266,0,1.548,1.343,2.247,4.129,8.172,0.305
1065,301,196,178.410,137.421,0,2.023,1.257,1.993,3.453,6.421,0.100
1066,302,196,214.933,158.588,0,1.480,1.376,2.414,4.696,9.917,0.215
1067,302,197,215.007,158.766,0,1.636,1.437,2.623,5.331,11.752,0.117
1068,303,196,207.323,190.348,0,1.986,1.511,2.830,5.859,13.085,0.100
1069,303,197,205.913,194.729,0,1.959,1.515,2.887,6.108,13.967,0.072
1070,303,198,206.803,190.819,0,2.424,1.471,2.726,5.636,12.675,0.200
1071,303,199,207.179,191.063,0,1.659,1.411,2.546,5.137,11.282,0.228
1072,303,200,207.309,190.769,0,1.642,1.383,2.427,4.720,9.936,0.265
1073,303,201,207.689,190.913,0,2.105,1.309,2.175,4.007,8.031,0.143
1074,303,202,207.809,191.007,0,2.197,1.326,2.216,4.095,8.210,0.152
1075,303,203,206.951,190.372,0,1.755,1.364,2.378,4.611,9.721,0.224
1076,303,204,206.963,189.542,0,1.996,1.316,2.207,4.120,8.405,0.129
1077,303,205,207.158,190.045,0,2.108,1.392,2.462,4.852,10.416,0.085
1078,303,206,206.111,189.197,0,2.174,1.526,2.885,6.015,13.482,0.100
1079,303,207,206.064,189.633,0,1.935,1.338,2.275,4.288,8.781,0.154
1080,304,196,235.626,270.890,0,1.734,1.439,2.566,5.033,10.623,0.140
1081,304,197,235.228,271.224,0,2.021,1.438,2.571,5.078,10.850,0.072
1082,304,198,235.605,271.239,0,2.216,1.354,2.298,4.319,8.817,0.260
1083,304,199,235.929,271.079,0,2.013,1.336,2.252,4.214,8.591,0.125
1084,305,197,333.579,161.636,0,1.797,1.326,2.218,4.132,8.424,0.156
1085,305,198,333.839,161.978,0,1.864,1.489,2.760,5.667,12.589,0.228
1086,306,197,299.875,282.731,0,1.716,1.405,2.477,4.832,10.193,0.137
1087,306,198,299.492,282.985,0,1.846,1.419,2.563,5.167,11.350,0.228
1088,306,199,300.145,283.593,0,1.644,1.405,2.509,5.001,10.880,0.237
1089,307,199,250.639,155.646,0,2.143,1.375,2.368,4.503,9.268,0.122
1090,307,200,250.580,156.294,0,2.047,1.439,2.569,5.070,10.831,0.111
1091,308,199,215.622,158.215,0,1.497,1.358,2.327,4.414,9.085,0.155
1092,308,200,215.929,157.833,0,1.607,1.435,2.617,5.316,11.739,0.147
1093,309,199,287.141,164.214,0,1.568,1.315,2.214,4.157,8.536,0.153
1094,309,200,286.602,164.555,0,1.736,1.334,2.250,4.220,8.642,0.141
1095,310,200,264.952,273.948,0,1.625,1.368,2.426,4.859,10.735,0.269
1096,310,201,264.956,274.310,0,1.513,1.354,2.305,4.339,8.843,0.402
1097,310,202,264.589,274.138,0,1.886,1.321,2.213,4.099,8.251,0.165
1098,311,201,211.983,126.095,0,1.886,1.435,2.600,5.240,11.470,0.143
1099,311,202,212.121,126.844,0,1.667,1.377,2.364,4.455,9.025,0.128
1100,312,201,299.592,284.144,0,1.488,1.230,1.909,3.249,5.966,0.143
1101,312,202,300.049,283.937,0,1.788,1.288,2.134,3.946,7.994,0.166
1102,312,203,299.675,284.029,0,1.559,1.280,2.087,3.777,7.465,0.251
1103,312,204,299.865,283.556,0,1.609,1.252,2.021,3.639,7.190,0.107
1104,313,202,226.405,129.478,0,1.597,1.207,1.853,3.144,5.828,0.111
1105,313,203,226.063,129.505,0,1.680,1.318,2.197,4.050,8.098,0.208
1106,313,204,226.806,129.552,0,1.665,1.377,2.409,4.697,9.993,0.119
1107,313,205,226.476,130.413,0,1.733,1.388,2.411,4.633,9.635,0.301
1108,313,206,226.496,131.615,0,2.115,1.399,2.394,4.500,9.108,0.103
1109,313,207,226.758,131.411,0,1.423,1.256,1.973,3.388,6.264,0.255
1110,313,208,226.790,130.285,0,1.751,1.380,2.402,4.614,9.570,0.146
1111,313,209,227.663,129.787,0,2.106,1.342,2.249,4.149,8.267,0.116
1112,314,202,234.751,271.272,0,2.333,1.350,2.262,4.150,8.175,0.151
1113,314,203,235.240,271.514,0,2.120,1.279,2.058,3.658,7.078,0.143
1114,314,204,235.400,271.361,0,2.444,1.297,2.124,3.838,7.516,0.160
1115,314,205,235.366,271.668,0,1.659,1.397,2.435,4.719,9.975,0.333
1116,314,206,235.311,271.176,0,2.394,1.365,2.341,4.440,9.138,0.112
1117,314,207,234.900,271.560,0,2.167,1.354,2.315,4.398,9.098,0.152
1118,314,208,234.624,272.043,0,2.200,1.496,2.792,5.776,12.920,0.144
1119,314,209,234.720,272.181,0,2.169,1.472,2.691,5.432,11.835,0.111
1120,314,210,235.552,271.202,0,1.762,1.370,2.342,4.445,9.185,0.227
1121,314,211,235.149,271.595,0,1.467,1.251,1.974,3.435,6.491,0.132
1122,315,204,278.253,227.868,0,1.459,1.411,2.546,5.141,11.334,0.107
1123,315,205,278.827,227.845,0,1.714,1.323,2.201,4.057,8.151,0.127
1124,316,204,265.371,274.598,0,1.937,1.364,2.352,4.512,9.441,0.131
1125,316,205,265.323,273.839,0,1.759,1.397,2.446,4.756,10.061,0.274
1126,316,206,265.015,274.144,0,1.531,1.463,2.734,5.733,13.130,0.143
1127,317,205,185.814,144.736,0,1.991,1.325,2.190,3.948,7.608,0.087
1128,317,206,186.139,143.929,0,1.626,1.447,2.647,5.382,11.861,0.144
1129,317,207,185.471,142.741,0,1.351,1.259,1.987,3.430,6.369,0.257
1130,318,205,305.841,210.192,0,1.547,1.381,2.425,4.750,10.145,0.301
1131,318,206,305.209,210.762,0,1.227,1.300,2.247,4.445,9.832,0.122
1132,319,206,299.640,283.727,0,1.881,1.317,2.187,4.011,7.985,0.102
1133,319,207,299.655,283.336,0,1.358,1.327,2.246,4.236,8.746,0.151
1134,320,207,250.795,156.382,0,1.684,1.391,2.433,4.706,9.856,0.145
1135,320,208,250.830,156.348,0,1.897,1.541,2.947,6.251,14.348,0.149
1136,320,209,250.136,156.554,0,1.812,1.486,2.773,5.787,13.165,0.111
1137,321,208,332.648,161.483,0,1.849,1.471,2.683,5.417,11.822,0.261
1138,321,209,332.273,161.470,0,1.599,1.290,2.087,3.701,7.065,0.125
1139,322,209,185.432,143.503,0,2.270,1.282,2.060,3.640,6.955,0.116
1140,322,210,185.832,143.144,0,1.599,1.314,2.186,4.064,8.298,0.185
1141,322,211,185.446,143.289,0,1.579,1.353,2.295,4.315,8.828,0.125
1142,322,212,185.243,143.610,0,1.451,1.279,2.090,3.817,7.673,0.350
1143,323,209,279.380,228.025,0,1.761,1.339,2.276,4.295,8.815,0.190
1144,323,210,278.796,228.136,0,1.818,1.416,2.497,4.853,10.172,0.231
1145,324,210,299.811,284.292,0,1.052,1.142,1.709,2.806,4.984,0.167
1146,324,211,300.116,282.870,0,2.132,1.495,2.789,5.770,12.912,0.125
1147,325,211,227.193,129.931,0,2.068,1.381,2.447,4.838,10.447,0.191
1148,325,212,226.198,129.656,0,1.709,1.449,2.575,5.034,10.600,0.168
1149,325,213,226.215,130.314,0,1.392,1.254,2.036,3.687,7.327,0.201
1150,325,214,226.426,129.737,0,1.730,1.349,2.235,4.060,7.931,0.500
1151,325,215,226.632,129.456,0,2.437,1.248,1.956,3.354,6.186,0.100
1152,326,211,206.469,191.227,0,1.740,1.191,1.811,3.017,5.427,0.126
1153,326,212,206.584,191.052,0,1.410,1.255,2.032,3.725,7.633,0.410
1154,326,213,206.412,190.862,0,2.168,1.368,2.369,4.535,9.405,0.143
1155,326,214,206.501,190.878,0,2.037,1.349,2.301,4.357,8.983,0.254
1156,326,215,206.530,191.397,0,2.207,1.366,2.334,4.373,8.813,0.124
1157,326,216,206.681,190.916,0,2.230,1.276,2.103,3.888,7.925,0.125
1158,326,217,206.835,190.756,0,1.718,1.442,2.611,5.255,11.467,0.176
1159,326,218,206.075,190.973,0,2.122,1.396,2.449,4.763,10.044,0.167
1160,326,219,206.350,191.297,0,2.248,1.437,2.560,5.009,10.521,0.157
1161,326,220,206.110,190.221,0,2.228,1.445,2.621,5.261,11.408,0.170
1162,326,221,205.792,190.530,0,1.940,1.278,2.055,3.641,6.986,0.147
1163,326,222,205.871,190.689,0,2.484,1.364,2.335,4.406,8.964,0.200
1164,326,223,205.911,190.587,0,2.720,1.404,2.471,4.816,10.174,0.125
1165,326,224,206.238,190.849,0,1.684,1.389,2.411,4.612,9.509,0.363
1166,326,225,206.231,189.086,0,2.046,1.402,2.510,5.048,11.132,0.184
1167,326,226,206.541,188.978,0,2.257,1.315,2.184,3.996,7.891,0.168
1168,326,227,206.089,189.035,0,1.996,1.337,2.277,4.315,8.917,0.151
1169,326,228,205.765,188.808,0,2.239,1.296,2.138,3.912,7.791,0.241
1170,326,229,206.217,188.762,0,2.162,1.399,2.482,4.918,10.642,0.252
1171,326,230,205.623,188.658,0,1.849,1.401,2.450,4.722,9.823,0.389
1172,326,231,206.002,189.332,0,2.105,1.480,2.736,5.598,12.364,0.200
1173,326,232,205.769,189.340,0,2.436,1.401,2.481,4.896,10.550,0.143
1174,326,233,205.795,188.856,0,2.451,1.372,2.351,4.434,9.019,0.170
1175,326,234,205.673,188.590,0,1.849,1.298,2.143,3.930,7.861,0.229
1176,326,235,205.479,188.901,0,2.120,1.427,2.544,4.992,10.554,0.200
1177,326,236,205.619,188.838,0,2.050,1.336,2.316,4.527,9.769,0.196
1178,326,237,205.651,188.530,0,1.680,1.212,1.856,3.108,5.607,0.167
1179,326,238,205.659,188.921,0,1.685,1.403,2.470,4.799,10.054,0.206
1180,326,239,206.053,188.418,0,2.236,1.370,2.419,4.794,10.410,0.206
1181,326,240,205.868,188.822,0,1.982,1.349,2.305,4.388,9.111,0.115
1182,326,241,205.244,188.755,0,1.830,1.213,1.889,3.253,6.117,0.143
1183,326,242,205.321,189.053,0,1.660,1.294,2.107,3.789,7.388,0.478
1184,326,243,205.600,189.320,0,1.476,1.317,2.200,4.120,8.517,0.274
1185,327,213,333.737,161.262,0,1.993,1.463,2.658,5.324,11.485,0.143
1186,327,214,334.081,161.394,0,1.534,1.368,2.398,4.724,10.233,0.265
1187,327,215,333.185,161.795,0,1.549,1.356,2.315,4.376,8.962,0.384
1188,328,214,235.645,271.442,0,1.737,1.332,2.205,3.989,7.729,0.495
1189,328,215,235.310,270.596,0,2.358,1.379,2.412,4.691,9.938,0.124
1190,328,216,236.282,270.831,0,2.533,1.364,2.363,4.547,9.525,0.125
1191,328,217,236.047,270.384,0,2.048,1.332,2.261,4.277,8.829,0.216
1192,328,218,235.458,271.140,0,1.820,1.344,2.281,4.291,8.777,0.181
1193,328,219,235.621,271.471,0,2.299,1.276,2.036,3.549,6.632,0.143
1194,329,215,262.939,242.610,0,1.768,1.353,2.332,4.454,9.228,0.172
1195,329,216,262.945,242.693,0,1.776,1.323,2.274,4.404,9.418,0.167
1196,329,217,263.742,241.589,0,1.906,1.364,2.325,4.376,8.925,0.243
1197,329,218,264.287,241.735,0,2.776,1.472,2.684,5.390,11.671,0.167
1198,329,219,263.799,241.769,0,2.098,1.384,2.404,4.607,9.538,0.157
1199,329,220,264.451,241.312,0,1.981,1.497,2.756,5.566,12.043,0.189
1200,329,221,264.462,241.679,0,2.163,1.395,2.417,4.615,9.510,0.149
1201,329,222,263.425,242.518,0,1.658,1.368,2.302,4.243,8.395,0.201
1202,329,223,264.043,242.177,0,1.783,1.470,2.744,5.724,13.014,0.210
1203,329,224,264.130,242.445,0,1.727,1.355,2.348,4.562,9.750,0.393
1204,329,225,263.680,240.947,0,1.649,1.441,2.614,5.299,11.704,0.215
1205,329,226,263.836,241.784,0,2.618,1.357,2.291,4.258,8.545,0.167
1206,329,227,263.625,241.715,0,1.812,1.299,2.100,3.702,6.985,0.150
1207,329,228,263.643,242.027,0,2.418,1.306,2.147,3.887,7.605,0.241
1208,330,215,300.698,282.554,0,1.548,1.317,2.212,4.106,8.252,0.256
1209,330,216,301.358,282.916,0,1.857,1.507,2.849,5.973,13.537,0.125
1210,330,217,300.685,282.423,0,1.701,1.375,2.361,4.471,9.149,0.327
1211,331,216,286.586,164.338,0,1.673,1.420,2.515,4.894,10.222,0.130
1212,331,217,286.322,164.776,0,1.654,1.357,2.315,4.369,8.953,0.309
1213,332,217,225.405,130.658,0,1.392,1.280,2.094,3.862,7.914,0.167
1214,332,218,226.768,131.322,0,1.198,1.213,1.910,3.369,6.581,0.167
1215,332,219,225.772,132.174,0,1.555,1.284,2.085,3.729,7.215,0.207
1216,333,219,299.992,282.200,0,1.464,1.384,2.463,4.919,10.777,0.143
1217,333,220,301.098,281.569,0,1.772,1.416,2.459,4.689,9.614,0.217
1218,333,221,300.752,282.041,0,1.762,1.362,2.333,4.433,9.156,0.194
1219,334,221,235.127,271.571,0,1.475,1.204,1.865,3.204,6.033,0.144
1220,334,222,234.749,271.287,0,2.069,1.349,2.285,4.258,8.559,0.200
1221,335,222,367.809,311.092,0,1.626,1.479,2.782,5.826,13.228,0.200
1222,335,223,367.154,310.883,0,1.491,1.428,2.604,5.323,11.899,0.155
1223,335,224,367.398,312.015,0,1.577,1.407,2.493,4.919,10.568,0.229
1224,336,223,226.308,130.906,0,1.828,1.382,2.408,4.683,9.963,0.151
1225,336,224,226.878,131.790,0,1.832,1.345,2.294,4.363,9.078,0.260
1226,336,225,226.192,131.372,0,1.506,1.298,2.200,4.228,9.049,0.288
1227,337,223,300.246,282.769,0,1.910,1.491,2.780,5.754,12.905,0.179
1228,337,224,300.052,282.522,0,1.455,1.327,2.253,4.285,8.955,0.284
1229,337,225,299.973,282.765,0,1.428,1.320,2.224,4.146,8.385,0.287
1230,338,224,235.148,271.657,0,1.644,1.325,2.235,4.193,8.583,0.278
1231,338,225,235.772,271.016,0,1.837,1.424,2.560,5.131,11.196,0.237
1232,339,225,279.181,135.819,0,1.709,1.381,2.424,4.759,10.215,0.221
1233,339,226,279.540,137.368,0,1.931,1.310,2.157,3.904,7.636,0.168
1234,339,227,279.412,137.004,0,1.532,1.356,2.351,4.526,9.469,0.255
1235,340,226,265.714,273.827,0,1.582,1.338,2.255,4.226,8.634,0.282
1236,340,227,265.630,273.431,0,1.746,1.397,2.397,4.483,8.947,0.165
1237,341,227,366.921,311.486,0,1.760,1.521,2.894,6.085,13.789,0.143
1238,341,228,366.892,311.801,0,1.869,1.363,2.322,4.355,8.805,0.367
1239,341,229,366.249,310.741,0,1.638,1.370,2.347,4.419,8.950,0.422
1240,341,230,366.766,311.003,0,1.757,1.463,2.710,5.580,12.468,0.174
1241,342,229,235.522,270.652,0,1.848,1.405,2.533,5.137,11.440,0.258
1242,342,230,236.164,271.125,0,1.849,1.401,2.452,4.723,9.794,0.388
1243,342,231,236.769,270.932,0,1.903,1.293,2.136,3.893,7.675,0.214
1244,342,232,237.259,270.493,0,1.754,1.279,2.082,3.735,7.265,0.164
1245,342,233,237.281,270.041,0,2.194,1.398,2.460,4.809,10.220,0.255
1246,342,234,237.093,270.416,0,2.116,1.299,2.149,3.929,7.789,0.206
1247,343,230,226.661,131.015,0,1.798,1.298,2.146,3.928,7.799,0.203
1248,343,231,226.489,131.227,0,1.984,1.379,2.370,4.492,9.199,0.230
1249,343,232,226.127,131.098,0,1.857,1.397,2.470,4.876,10.511,0.172
1250,343,233,226.106,131.236,0,1.676,1.270,2.057,3.691,7.214,0.327
1251,343,234,226.175,131.117,0,1.732,1.393,2.510,5.080,11.260,0.204
1252,343,235,226.235,130.622,0,1.469,1.341,2.351,4.668,10.258,0.234
1253,344,231,263.091,242.228,0,1.771,1.373,2.376,4.575,9.601,0.225
1254,344,232,262.363,242.636,0,1.672,1.415,2.493,4.842,10.154,0.259
1255,344,233,262.785,242.702,0,2.081,1.392,2.431,4.702,9.855,0.252
1256,345,231,299.601,283.576,0,1.394,1.228,1.898,3.209,5.847,0.200
1257,345,232,299.656,284.047,0,1.434,1.328,2.250,4.242,8.719,0.171
1258,346,232,279.727,135.749,0,1.630,1.341,2.233,4.097,8.129,0.203
1259,346,233,279.956,136.193,0,1.651,1.447,2.633,5.305,11.555,0.167
1260,347,235,262.649,243.623,0,1.629,1.399,2.450,4.731,9.856,0.287
1261,347,236,263.403,243.805,0,1.869,1.341,2.269,4.274,8.801,0.213
1262,347,237,263.170,243.826,0,1.711,1.399,2.439,4.682,9.690,0.321
1263,348,235,366.840,311.492,0,1.689,1.458,2.695,5.593,12.701,0.259
1264,348,236,366.532,311.290,0,1.752,1.440,2.594,5.142,10.977,0.172
1265,349,237,183.489,143.608,0,1.857,1.312,2.164,3.906,7.555,0.185
1266,349,238,182.825,144.405,0,1.405,1.342,2.291,4.328,8.856,0.204
1267,350,237,332.062,161.351,0,1.620,1.334,2.219,4.057,7.999,0.244
1268,350,238,331.564,160.484,0,1.693,1.322,2.199,4.005,7.829,0.207
1269,351,238,235.996,270.650,0,2.021,1.437,2.620,5.300,11.608,0.200
1270,351,239,236.567,270.868,0,2.446,1.332,2.255,4.229,8.612,0.206
1271,351,240,236.013,270.973,0,1.559,1.384,2.452,4.832,10.332,0.208
1272,351,241,236.078,271.581,0,1.596,1.320,2.181,3.971,7.820,0.158
1273,352,240,251.387,128.471,0,1.480,1.310,2.213,4.218,8.898,0.271
1274,352,241,251.314,129.435,0,1.318,1.325,2.293,4.503,9.814,0.145
1275,353,240,282.518,135.907,0,1.491,1.328,2.311,4.554,9.930,0.323
1276,353,241,283.006,136.328,0,1.823,1.408,2.483,4.840,10.200,0.239
1277,354,243,447.542,17.524,0,1.339,1.323,2.251,4.272,8.863,0.274
1278,354,244,447.995,18.192,0,1.587,1.433,2.592,5.193,11.249,0.169
1279,354,245,448.008,17.827,0,1.751,1.362,2.402,4.762,10.377,0.141
1280,355,244,207.947,125.653,0,1.946,1.433,2.530,4.900,10.199,0.321
1281,355,245,208.451,125.986,0,1.678,1.270,2.054,3.700,7.299,0.208
1282,356,244,302.864,178.321,0,1.678,1.512,2.907,6.254,14.623,0.167
1283,356,245,303.549,178.337,0,1.320,1.241,1.950,3.359,6.231,0.240
1284,357,244,299.680,284.173,0,1.971,1.437,2.560,5.017,10.569,0.321
1285,357,245,299.526,283.972,0,1.333,1.325,2.298,4.497,9.713,0.126
1286,357,246,299.716,283.962,0,2.382,1.306,2.181,4.061,8.285,0.167
1287,358,245,225.846,130.655,0,1.871,1.316,2.228,4.220,8.776,0.143
1288,358,246,226.172,131.934,0,1.907,1.452,2.654,5.390,11.867,0.167
1289,358,247,226.333,131.566,0,2.409,1.350,2.286,4.277,8.669,0.111
1290,358,248,225.688,131.164,0,1.717,1.399,2.471,4.863,10.448,0.262
1291,359,245,205.209,189.375,0,1.362,1.244,1.962,3.429,6.561,0.243
1292,359,246,205.161,188.730,0,1.474,1.246,2.004,3.603,7.141,0.167
1293,359,247,205.053,189.517,0,1.365,1.264,2.050,3.691,7.250,0.254
1294,359,248,204.892,188.821,0,1.917,1.282,2.103,3.808,7.463,0.212
1295,360,246,282.228,136.656,0,1.506,1.414,2.549,5.149,11.390,0.279
1296,360,247,281.084,136.884,0,1.604,1.416,2.556,5.151,11.326,0.230
1297,361,247,236.647,270.659,0,1.698,1.479,2.723,5.530,12.090,0.135
1298,361,248,236.096,270.716,0,1.963,1.478,2.730,5.574,12.282,0.221
1299,361,249,235.668,271.047,0,2.104,1.397,2.424,4.626,9.498,0.172
1300,361,250,235.375,271.309,0,1.731,1.280,2.080,3.740,7.320,0.130
1301,361,251,235.751,271.002,0,2.393,1.443,2.603,5.198,11.230,0.125
1302,361,252,235.533,270.790,0,2.208,1.435,2.629,5.390,12.052,0.212
1303,361,253,235.271,270.761,0,2.326,1.287,2.077,3.681,7.035,0.200
1304,361,254,235.439,271.255,0,1.245,1.316,2.194,4.116,8.543,0.142
1305,362,247,265.412,275.484,0,1.434,1.292,2.120,3.836,7.512,0.279
1306,362,248,265.354,275.477,0,1.679,1.302,2.113,3.750,7.143,0.212
1307,363,247,235.554,286.795,0,1.689,1.338,2.294,4.385,9.165,0.136
1308,363,248,236.496,287.326,0,1.848,1.430,2.551,5.024,10.679,0.282
1309,364,249,299.934,282.907,0,1.767,1.412,2.569,5.239,11.674,0.251
1310,364,250,300.561,281.965,0,1.920,1.365,2.371,4.575,9.600,0.240
1311,364,251,300.407,281.677,0,1.831,1.370,2.350,4.476,9.287,0.285
1312,365,250,225.257,130.974,0,1.681,1.357,2.346,4.503,9.395,0.146
1313,365,251,225.525,131.248,0,1.625,1.338,2.291,4.422,9.437,0.311
1314,365,252,225.857,131.015,0,1.902,1.432,2.590,5.178,11.176,0.174
1315,366,250,281.203,136.734,0,1.603,1.435,2.603,5.263,11.596,0.234
1316,366,251,281.664,136.665,0,1.576,1.357,2.337,4.480,9.374,0.330
1317,366,252,281.480,136.963,0,1.604,1.436,2.647,5.465,12.305,0.168
1318,367,250,205.072,188.806,0,2.038,1.426,2.533,4.940,10.351,0.202
1319,367,251,205.439,188.201,0,1.766,1.297,2.176,4.095,8.482,0.190
1320,367,252,205.326,188.404,0,1.471,1.261,2.018,3.535,6.663,0.167
1321,368,250,264.455,242.969,0,1.544,1.414,2.605,5.431,12.468,0.232
1322,368,251,264.249,243.861,0,1.598,1.403,2.527,5.119,11.377,0.164
1323,369,251,330.377,160.289,0,1.851,1.380,2.375,4.485,9.099,0.267
1324,369,252,331.387,160.591,0,2.168,1.400,2.471,4.854,10.384,0.213
1325,369,253,331.388,159.930,0,1.711,1.447,2.619,5.247,11.381,0.261
1326,369,254,330.542,159.438,0,1.876,1.273,2.038,3.587,6.832,0.132
1327,369,255,331.239,159.881,0,1.646,1.257,1.998,3.487,6.569,0.201
1328,370,253,300.109,281.802,0,1.647,1.394,2.467,4.898,10.671,0.294
1329,370,254,300.448,281.169,0,1.753,1.425,2.517,4.923,10.437,0.144
1330,370,255,300.848,281.565,0,1.676,1.410,2.511,4.990,10.822,0.341
1331,370,256,300.843,281.232,0,1.585,1.341,2.261,4.224,8.578,0.172
1332,371,254,177.307,139.151,0,1.758,1.343,2.257,4.190,8.426,0.228
1333,371,255,177.603,138.913,0,1.281,1.338,2.341,4.604,9.941,0.143
1334,372,255,184.316,142.901,0,1.520,1.237,1.953,3.401,6.431,0.201
1335,372,256,184.422,143.410,0,1.252,1.198,1.813,3.018,5.473,0.167
1336,373,256,211.457,131.434,0,1.592,1.487,2.817,5.978,13.812,0.167
1337,373,257,211.708,131.980,0,1.349,1.308,2.233,4.289,9.075,0.346
1338,373,258,211.891,130.963,0,1.676,1.426,2.569,5.140,11.163,0.184
1339,374,257,330.986,159.646,0,1.561,1.335,2.254,4.201,8.458,0.278
1340,374,258,330.649,159.081,0,1.525,1.299,2.166,4.028,8.213,0.272
1341,375,258,235.467,270.507,0,2.454,1.402,2.512,5.043,11.100,0.083
1342,375,259,235.803,270.192,0,1.625,1.306,2.155,3.917,7.700,0.333
1343,375,260,235.572,270.786,0,1.592,1.319,2.205,4.097,8.319,0.215
1344,376,259,263.587,243.703,0,1.683,1.367,2.354,4.529,9.558,0.221
1345,376,260,263.656,243.983,0,1.726,1.382,2.399,4.580,9.408,0.161
1346,377,260,204.775,187.658,0,1.649,1.255,1.981,3.436,6.448,0.227
1347,377,261,204.726,187.812,0,1.686,1.339,2.244,4.127,8.165,0.312
1348,377,262,204.329,187.342,0,1.957,1.290,2.103,3.779,7.361,0.203
1349,378,261,283.718,134.224,0,1.759,1.410,2.549,5.159,11.415,0.283
1350,378,262,283.779,133.946,0,1.754,1.448,2.617,5.230,11.290,0.236
1351,378,263,284.776,134.817,0,1.950,1.303,2.138,3.851,7.472,0.114
1352,379,262,330.726,158.901,0,1.935,1.421,2.572,5.239,11.719,0.235
1353,379,263,331.897,160.066,0,1.926,1.379,2.435,4.825,10.487,0.251
1354,379,264,332.276,160.179,0,2.075,1.306,2.146,3.882,7.576,0.250
1355,380,262,264.156,243.327,0,1.585,1.355,2.348,4.556,9.700,0.239
1356,380,263,264.348,243.493,0,1.602,1.469,2.740,5.715,12.987,0.202
1357,381,265,280.250,83.994,0,2.112,1.463,2.682,5.448,11.980,0.612
1358,381,266,280.413,83.342,0,1.470,1.341,2.291,4.380,9.205,0.227
1359,382,265,269.106,273.547,0,2.093,1.452,2.624,5.262,11.435,0.610
1360,382,266,269.531,272.723,0,1.389,1.362,2.403,4.734,10.169,0.177
1361,383,266,225.729,128.716,0,1.741,1.429,2.576,5.157,11.204,0.228
1362,383,267,225.531,127.963,0,1.445,1.319,2.209,4.094,8.226,0.251
1363,384,266,183.825,145.445,0,1.768,1.278,2.060,3.651,6.994,0.174
1364,384,267,184.162,145.002,0,1.613,1.400,2.490,4.921,10.563,0.251
1365,384,268,184.284,144.322,0,1.570,1.227,1.930,3.347,6.290,0.126
1366,385,266,204.533,185.972,0,1.828,1.300,2.153,3.969,8.002,0.190
1367,385,267,203.999,186.991,0,2.065,1.541,2.926,6.121,13.777,0.250
1368,385,268,204.551,187.478,0,1.821,1.321,2.213,4.106,8.290,0.125
1369,385,269,204.810,187.089,0,1.630,1.350,2.341,4.508,9.416,0.289
1370,385,270,204.986,187.915,0,1.309,1.331,2.275,4.320,8.925,0.130
1371,385,271,204.796,188.287,0,1.390,1.327,2.270,4.345,9.112,0.262
1372,386,266,299.678,281.316,0,2.481,1.381,2.391,4.585,9.539,0.111
1373,386,267,299.685,281.683,0,1.947,1.355,2.301,4.312,8.745,0.250
1374,387,268,163.623,134.599,0,2.210,1.397,2.443,4.733,9.925,0.131
1375,387,269,164.926,134.094,0,1.641,1.512,2.878,6.087,13.923,0.143
1376,388,268,284.812,135.547,0,2.154,1.475,2.683,5.365,11.525,0.132
1377,388,269,284.494,135.270,0,1.624,1.388,2.442,4.783,10.190,0.335
1378,389,269,226.367,128.391,0,1.333,1.271,2.065,3.688,7.106,0.339
1379,389,270,226.455,128.520,0,1.625,1.304,2.114,3.739,7.075,0.171
1380,390,270,264.516,243.628,0,1.629,1.420,2.527,4.999,10.764,0.164
1381,390,271,264.831,243.537,0,1.941,1.464,2.654,5.298,11.383,0.147
1382,390,272,265.155,243.792,0,1.494,1.360,2.336,4.450,9.212,0.342
1383,390,273,265.245,244.429,0,1.479,1.358,2.337,4.482,9.398,0.208
1384,391,270,249.019,254.861,0,1.830,1.407,2.514,5.008,10.868,0.168
1385,391,271,249.245,254.594,0,1.674,1.437,2.610,5.275,11.583,0.153
1386,392,271,279.645,227.020,0,1.458,1.359,2.350,4.519,9.461,0.231
1387,392,272,280.094,226.321,0,1.435,1.319,2.223,4.157,8.457,0.331
1388,393,271,270.667,290.670,0,1.258,1.296,2.173,4.063,8.305,0.184
1389,393,272,269.950,290.330,0,1.798,1.325,2.230,4.177,8.542,0.164
1390,394,272,226.203,128.747,0,1.430,1.283,2.063,3.648,6.978,0.190
1391,394,273,227.048,128.405,0,2.462,1.419,2.517,4.945,10.515,0.200
1392,395,274,280.377,226.583,0,1.324,1.323,2.261,4.357,9.293,0.222
1393,395,275,280.353,226.840,0,1.292,1.330,2.335,4.683,10.447,0.273
1394,395,276,280.011,227.174,0,1.539,1.363,2.386,4.685,10.091,0.190
1395,395,277,279.887,226.234,0,1.768,1.536,2.947,6.254,14.316,0.167
1396,396,275,166.157,134.731,0,1.372,1.281,2.107,3.847,7.660,0.264
1397,396,276,166.286,134.433,0,1.991,1.322,2.236,4.211,8.674,0.168
1398,397,275,333.292,160.045,0,1.579,1.393,2.453,4.809,10.274,0.472
1399,397,276,332.929,159.520,0,2.128,1.408,2.528,5.088,11.219,0.175
1400,397,277,333.752,159.829,0,1.653,1.423,2.555,5.117,11.161,0.175
1401,397,278,333.218,159.467,0,1.805,1.332,2.256,4.252,8.756,0.236
1402,397,279,333.165,159.223,0,1.826,1.397,2.397,4.504,9.076,0.221
1403,398,277,279.361,85.184,0,1.470,1.360,2.386,4.721,10.309,0.174
1404,398,278,279.946,83.893,0,1.969,1.347,2.270,4.206,8.395,0.232
1405,399,277,300.065,281.754,0,1.917,1.372,2.369,4.526,9.376,0.168
1406,399,278,300.204,281.296,0,1.582,1.369,2.361,4.481,9.158,0.176
1407,399,279,300.196,282.172,0,2.061,1.390,2.445,4.765,10.062,0.171
1408,399,280,300.130,281.939,0,1.709,1.398,2.509,5.066,11.217,0.317
1409,399,281,300.724,282.016,0,1.680,1.325,2.239,4.238,8.814,0.409
1410,400,278,234.827,271.074,0,1.885,1.390,2.451,4.838,10.448,0.209
1411,400,279,234.669,271.381,0,2.063,1.305,2.131,3.824,7.415,0.145
1412,401,279,279.768,226.916,0,1.728,1.291,2.110,3.793,7.364,0.272
1413,401,280,274.575,224.502,0,1.293,1.292,2.171,4.110,8.610,0.235
1414,402,280,172.591,204.887,0,1.662,1.447,2.629,5.288,11.500,0.251
1415,402,281,172.958,204.608,0,1.591,1.416,2.496,4.829,10.045,0.265
1416,403,281,199.372,191.008,0,1.688,1.489,2.800,5.857,13.263,0.251
1417,403,282,199.286,191.000,0,1.224,1.311,2.245,4.277,8.868,0.255
1418,403,283,199.606,191.447,0,1.329,1.262,2.072,3.851,7.975,0.250
1419,404,283,300.021,282.056,0,2.103,1.508,2.864,6.026,13.691,0.250
1420,404,284,300.280,282.271,0,1.726,1.343,2.280,4.301,8.851,0.137
1421,404,285,300.854,281.990,0,1.951,1.328,2.249,4.243,8.735,0.200
1422,404,286,300.273,282.392,0,2.009,1.321,2.198,4.042,8.077,0.170
1423,405,285,164.433,135.086,0,1.650,1.492,2.825,5.978,13.753,0.200
1424,405,286,164.880,135.690,0,1.560,1.321,2.266,4.388,9.396,0.457
1425,406,285,333.432,160.397,0,1.357,1.273,2.036,3.558,6.670,0.242
1426,406,286,333.553,159.929,0,1.707,1.416,2.509,4.932,10.542,0.175
1427,407,285,264.818,243.578,0,1.580,1.347,2.281,4.259,8.611,0.246
1428,407,286,265.261,243.421,0,1.979,1.411,2.478,4.797,10.019,0.174
1429,408,286,184.871,144.473,0,1.553,1.318,2.201,4.050,8.056,0.464
1430,408,287,184.870,144.576,0,1.682,1.412,2.534,5.077,11.084,0.225
1431,409,289,227.162,128.765,0,1.592,1.407,2.542,5.162,11.497,0.544
1432,409,290,226.632,128.193,0,1.642,1.415,2.485,4.810,10.041,0.210
1433,410,289,264.768,243.656,0,1.813,1.423,2.539,5.021,10.764,0.544
1434,410,290,264.474,242.268,0,2.039,1.350,2.300,4.332,8.846,0.135
1435,410,291,264.850,242.379,0,1.754,1.493,2.807,5.857,13.213,0.250
1436,410,292,265.220,241.490,0,1.907,1.258,1.992,3.452,6.439,0.256
1437,410,293,265.601,241.246,0,2.953,1.437,2.555,5.006,10.584,0.200
1438,410,294,266.209,241.471,0,2.656,1.408,2.475,4.820,10.177,0.071
1439,410,295,265.798,241.204,0,2.762,1.386,2.375,4.466,9.019,0.143
1440,410,296,265.708,241.750,0,1.731,1.412,2.499,4.906,10.454,0.336
1441,411,290,300.472,282.673,0,1.835,1.308,2.208,4.176,8.684,0.138
1442,411,291,300.441,282.151,0,1.543,1.336,2.263,4.251,8.690,0.496
1443,412,292,234.866,271.226,0,1.796,1.499,2.806,5.855,13.284,0.250
1444,412,293,234.253,271.016,0,1.730,1.431,2.588,5.198,11.326,0.200
1445,412,294,234.414,271.426,0,1.735,1.433,2.544,4.976,10.494,0.099
1446,413,293,333.400,160.705,0,1.682,1.291,2.142,3.974,8.100,0.200
1447,413,294,333.244,160.515,0,1.660,1.309,2.207,4.154,8.555,0.123
1448,414,293,245.960,243.044,0,1.410,1.364,2.400,4.704,10.023,0.200
1449,414,294,246.406,242.771,0,1.286,1.243,1.964,3.393,6.294,0.124
1450,415,294,283.559,132.014,0,1.898,1.324,2.222,4.117,8.243,0.083
1451,415,295,283.974,132.290,0,2.306,1.356,2.312,4.350,8.846,0.143
1452,415,296,283.379,132.597,0,1.948,1.326,2.221,4.108,8.228,0.204
1453,415,297,284.778,132.134,0,1.402,1.310,2.176,4.012,8.057,0.343
1454,416,294,205.649,188.688,0,1.343,1.321,2.252,4.318,9.129,0.171
1455,416,295,205.859,189.405,0,1.939,1.451,2.638,5.329,11.684,0.144
1456,417,294,200.225,191.850,0,1.520,1.299,2.137,3.879,7.626,0.145
1457,417,295,199.670,190.836,0,1.528,1.352,2.322,4.450,9.336,0.164
1458,418,294,300.204,281.956,0,1.440,1.255,2.016,3.584,6.936,0.142
1459,418,295,300.258,282.044,0,2.305,1.447,2.644,5.361,11.788,0.144
1460,418,296,300.426,282.112,0,1.655,1.360,2.321,4.352,8.772,0.424
1461,419,295,226.238,128.394,0,1.708,1.380,2.399,4.644,9.805,0.165
1462,419,296,226.549,128.157,0,1.668,1.365,2.353,4.475,9.207,0.453
1463,420,298,266.178,241.575,0,2.188,1.372,2.368,4.542,9.495,0.250
1464,420,299,266.473,240.496,0,1.967,1.386,2.392,4.520,9.149,0.204
1465,421,298,246.267,241.975,0,1.560,1.372,2.396,4.634,9.725,0.297
1466,421,299,245.874,242.382,0,1.407,1.368,2.399,4.715,10.154,0.300
1467,422,298,300.154,282.349,0,1.776,1.256,2.056,3.801,7.824,0.250
1468,422,299,300.318,282.552,0,1.526,1.336,2.263,4.268,8.799,0.213
